pmid,year,journal,title,doi,article_group,categories,publication_types,pubmed_url
42104709,2026,Journal of periodontology,RETRACTION: Effect of Porphyromonas gingivalis Lipopolysaccharide on Bone Marrow Mesenchymal Stem Cell Osteogenesis on a Titanium Nanosurface.,10.1002/jper.70148,Original Article,其他牙周臨床/基礎研究,Journal Article; Retraction Notice,https://pubmed.ncbi.nlm.nih.gov/42104709/
42083431,2026,Journal of periodontology,Transcriptomic analysis of gingival tissues in resolved experimental periodontal lesions of nonhuman primates.,10.1002/jper.70048,Original Article,全身疾病與危險因子; 微生物與宿主生物標記,Journal Article,https://pubmed.ncbi.nlm.nih.gov/42083431/
42070085,2026,Journal of periodontology,The relationship between adverse childhood experiences and periodontitis in young adults.,10.1002/jper.70144,Original Article,全身疾病與危險因子,Journal Article,https://pubmed.ncbi.nlm.nih.gov/42070085/
42054008,2026,Journal of periodontology,Deep learning cone-beam computed tomography image segmentation for the 3D visualization of mandibular infraosseous periodontal defects.,10.1002/jper.70058,Original Article,分類與治療指引; 診斷影像與數位工具,Journal Article,https://pubmed.ncbi.nlm.nih.gov/42054008/
42047219,2026,Journal of periodontology,Understanding peri-implantitis occurrence and recurrence following treatment: A patient-centered study.,10.1002/jper.70133,Original Article,分類與治療指引; 植體周圍疾病; SPT/SPC 與風險評估; 全身疾病與危險因子; 診斷影像與數位工具,Journal Article,https://pubmed.ncbi.nlm.nih.gov/42047219/
42003282,2026,Journal of periodontology,Degraded trabecular bone score and periodontitis progression: 5-year cohort with increased risk in postmenopausal women.,10.1002/jper.70126,Original Article,分類與治療指引; 診斷影像與數位工具,Journal Article,https://pubmed.ncbi.nlm.nih.gov/42003282/
42002984,2026,Journal of periodontology,Consuming heat-inactivated Lactiplantibacillus pentosus ONRICb0240-containing postbiotics reduces gingival inflammation: A double-blind randomized clinical trial.,10.1002/jper.70141,Original Article,分類與治療指引; SPT/SPC 與風險評估; 微生物與宿主生物標記,Journal Article,https://pubmed.ncbi.nlm.nih.gov/42002984/
42001258,2026,Journal of periodontology,Impact of leaving periodontal disease untreated on healthcare expenditures: A retrospective cohort study.,10.1002/jper.70136,Original Article,診斷影像與數位工具,Journal Article,https://pubmed.ncbi.nlm.nih.gov/42001258/
42001255,2026,Journal of periodontology,Effect of periodontal treatment on adipokines in patients with type 2 diabetes mellitus: A systematic review.,10.1002/jper.70121,Review,全身疾病與危險因子,Journal Article; Review,https://pubmed.ncbi.nlm.nih.gov/42001255/
42001254,2026,Journal of periodontology,Gingival inflammation and plaque accumulation affect therapeutic outcomes in patients with acne vulgaris.,10.1002/jper.70137,Original Article,分類與治療指引; 非手術治療與抗菌輔助; 全身疾病與危險因子,Journal Article,https://pubmed.ncbi.nlm.nih.gov/42001254/
42001252,2026,Journal of periodontology,Association between periodontitis and oral health-related quality of life in patients with systemic conditions: A meta-analysis.,10.1002/jper.70130,Review,分類與治療指引; 全身疾病與危險因子,Journal Article; Review,https://pubmed.ncbi.nlm.nih.gov/42001252/
41981946,2026,Journal of periodontology,"Betaine-, xylitol-, and extra virgin olive oil-based toothpaste modulates inflammation and oral nitric oxide pathway: Clinical trial in gingivitis.",10.1002/jper.70135,Original Article,微生物與宿主生物標記,Journal Article,https://pubmed.ncbi.nlm.nih.gov/41981946/
41981895,2026,Journal of periodontology,Periodontitis during pregnancy: The effect on the gut microbiome and intestinal inflammation.,10.1002/jper.70132,Original Article,全身疾病與危險因子; 微生物與宿主生物標記,Journal Article,https://pubmed.ncbi.nlm.nih.gov/41981895/
41973052,2026,Journal of periodontology,Association between self-reported oral symptoms and irritable bowel syndrome: A prospective cohort study based on UK Biobank.,10.1002/jper.70125,Original Article,其他牙周臨床/基礎研究,Journal Article,https://pubmed.ncbi.nlm.nih.gov/41973052/
41973035,2026,Journal of periodontology,Unsupervised phenotyping of the periodontal architecture through high-dimensional clustering of electronic health records: A multicenter study.,10.1002/jper.70123,Original Article,分類與治療指引; 再生與黏膜牙齦手術; SPT/SPC 與風險評估; 全身疾病與危險因子; 診斷影像與數位工具,Journal Article,https://pubmed.ncbi.nlm.nih.gov/41973035/
41973033,2026,Journal of periodontology,Aging and periodontitis increase brain dissemination of oral bacteria.,10.1002/jper.70118,Original Article,全身疾病與危險因子; 微生物與宿主生物標記,Journal Article,https://pubmed.ncbi.nlm.nih.gov/41973033/
41972989,2026,Journal of periodontology,Advancing the diagnosis of peri-implant diseases: From histological foundations to next-generation ultrasonographic diagnostic markers.,10.1002/jper.70113,Review,分類與治療指引; 植體周圍疾病; 再生與黏膜牙齦手術; 診斷影像與數位工具,Journal Article; Review,https://pubmed.ncbi.nlm.nih.gov/41972989/
41972958,2026,Journal of periodontology,AI-based evaluation of implant abutment screw torque decay: A periapical radiograph pilot study.,10.1002/jper.70127,Original Article,SPT/SPC 與風險評估; 診斷影像與數位工具,Journal Article,https://pubmed.ncbi.nlm.nih.gov/41972958/
41972922,2026,Journal of periodontology,Grade C molar-incisor pattern periodontitis classification and its challenges.,10.1002/jper.70119,Review,分類與治療指引; SPT/SPC 與風險評估; 全身疾病與危險因子; 診斷影像與數位工具,Journal Article; Review,https://pubmed.ncbi.nlm.nih.gov/41972922/
41972826,2026,Journal of periodontology,Correlating bacterial load and periodontal disease severity: A large-scale study of the microbial landscape.,10.1002/jper.70122,Original Article,分類與治療指引; 全身疾病與危險因子; 微生物與宿主生物標記,Journal Article,https://pubmed.ncbi.nlm.nih.gov/41972826/
41910466,2026,Journal of periodontology,Biomaterials for resolution of peri-implantitis: Consensus report of Workgroup 2 of the IADR Implantology Research Group Best Evidence Consensus Symposium on Peri-Implant Disease and Its Treatment.,10.1002/JPER.24-0432,Original Article,分類與治療指引; 植體周圍疾病; 診斷影像與數位工具,Journal Article,https://pubmed.ncbi.nlm.nih.gov/41910466/
41902624,2026,Journal of periodontology,Structural alterations in osteocyte dendrites and lacunar-canalicular networks of the mandible of ovariectomized mice.,10.1002/jper.70134,Original Article,全身疾病與危險因子; 微生物與宿主生物標記,Journal Article,https://pubmed.ncbi.nlm.nih.gov/41902624/
41885763,2026,Journal of periodontology,Dasatinib and quercetin prevent alveolar bone loss in aged mice.,10.1002/jper.70115,Original Article,全身疾病與危險因子; 微生物與宿主生物標記,Journal Article,https://pubmed.ncbi.nlm.nih.gov/41885763/
41870349,2026,Journal of periodontology,Mucogingival surgery techniques: Coronally advanced flap versus tunnel approach.,10.1002/jper.70116,Review,再生與黏膜牙齦手術; 非手術治療與抗菌輔助,Journal Article; Review,https://pubmed.ncbi.nlm.nih.gov/41870349/
41870328,2026,Journal of periodontology,Biomaterial used to counteract ridge reduction following the removal of adjacent teeth: A randomized controlled multicenter study.,10.1002/jper.70084,Original Article,再生與黏膜牙齦手術,Journal Article,https://pubmed.ncbi.nlm.nih.gov/41870328/
41867064,2026,Journal of periodontology,Mapping the subgingival HerBiome and HisBiome over the human healthspan.,10.1002/jper.70098,Original Article,非手術治療與抗菌輔助; SPT/SPC 與風險評估; 全身疾病與危險因子; 微生物與宿主生物標記,Journal Article,https://pubmed.ncbi.nlm.nih.gov/41867064/
41804975,2026,Journal of periodontology,Osseodensification versus conventional site preparation in cylindrical implants: A randomized controlled trial.,10.1002/jper.70097,Original Article,其他牙周臨床/基礎研究,Journal Article,https://pubmed.ncbi.nlm.nih.gov/41804975/
41802000,2026,Journal of periodontology,Associations of nonsteroidal anti-inflammatory drug use with periodontal disease in postmenopausal women: The OsteoPerio study.,10.1002/jper.70043,Original Article,SPT/SPC 與風險評估,Journal Article,https://pubmed.ncbi.nlm.nih.gov/41802000/
41801972,2026,Journal of periodontology,Usability of a deep learning platform for detecting radiographic bone loss and furcation involvement.,10.1002/jper.70106,Original Article,分類與治療指引; 再生與黏膜牙齦手術; SPT/SPC 與風險評估; 診斷影像與數位工具,Journal Article,https://pubmed.ncbi.nlm.nih.gov/41801972/
41789954,2026,Journal of periodontology,Impact of severe periodontitis and diabetes mellitus on recurrent cardiovascular outcomes.,10.1002/jper.70086,Original Article,分類與治療指引; SPT/SPC 與風險評估; 全身疾病與危險因子,Journal Article,https://pubmed.ncbi.nlm.nih.gov/41789954/
41789944,2026,Journal of periodontology,Impact of over-contoured restorations on the marginal bone around tissue-level implants: A retrospective radiographic analysis.,10.1002/jper.70111,Original Article,植體周圍疾病; 診斷影像與數位工具,Journal Article,https://pubmed.ncbi.nlm.nih.gov/41789944/
41789937,2026,Journal of periodontology,Type I interferon-induced CD169+ macrophages play a protective role in periodontitis.,10.1002/jper.70102,Original Article,其他牙周臨床/基礎研究,Journal Article,https://pubmed.ncbi.nlm.nih.gov/41789937/
41789932,2026,Journal of periodontology,"Functional tooth unit, periodontal status, and association with weight change in older adults.",10.1002/jper.70100,Original Article,SPT/SPC 與風險評估,Journal Article,https://pubmed.ncbi.nlm.nih.gov/41789932/
41789930,2026,Journal of periodontology,Predictability of a dental implant prognosis system: A retrospective study.,10.1002/jper.70110,Original Article,分類與治療指引; SPT/SPC 與風險評估; 全身疾病與危險因子,Journal Article,https://pubmed.ncbi.nlm.nih.gov/41789930/
41789792,2026,Journal of periodontology,A randomized controlled trial of home-applied dual-light photodynamic therapy during supportive periodontal care (HOPE-CP study).,10.1002/jper.70082,Original Article,分類與治療指引; 非手術治療與抗菌輔助; SPT/SPC 與風險評估,Journal Article,https://pubmed.ncbi.nlm.nih.gov/41789792/
41373104,2026,Journal of periodontology,Biofilm removal capacity and titanium surface integrity in non-abrasive versus abrasive peri-implantitis cleaning interventions.,10.1002/jper.11371,Original Article,植體周圍疾病,Journal Article; Comparative Study,https://pubmed.ncbi.nlm.nih.gov/41373104/
41251445,2026,Journal of periodontology,Long-term clinical benefits of periodontal interventions in strict supportive periodontal care: A systematic review.,10.1002/jper.70027,Review,再生與黏膜牙齦手術; 非手術治療與抗菌輔助; SPT/SPC 與風險評估; 診斷影像與數位工具,Journal Article; Systematic Review; Review,https://pubmed.ncbi.nlm.nih.gov/41251445/
41251439,2026,Journal of periodontology,Association between periodontitis severity and exhaled hydrogen sulfide measured using LTCC-GASSET device in healthy Thai patients.,10.1002/jper.70025,Original Article,分類與治療指引; 全身疾病與危險因子; 微生物與宿主生物標記; 診斷影像與數位工具,Journal Article,https://pubmed.ncbi.nlm.nih.gov/41251439/
41201881,2026,Journal of periodontology,Effectiveness of two supportive periodontal care protocols and outcome predictors during periodontitis: A randomized controlled trial.,10.1002/jper.70007,Original Article,非手術治療與抗菌輔助; SPT/SPC 與風險評估; 全身疾病與危險因子,Journal Article; Randomized Controlled Trial; Comparative Study,https://pubmed.ncbi.nlm.nih.gov/41201881/
41159915,2026,Journal of periodontology,"Allogeneic bone paste versus bone powder for oral guided bone regeneration: A randomized, noninferiority trial.",10.1002/jper.11385,Original Article,植體周圍疾病; 再生與黏膜牙齦手術; 診斷影像與數位工具,Journal Article; Randomized Controlled Trial; Comparative Study; Equivalence Trial,https://pubmed.ncbi.nlm.nih.gov/41159915/
41071188,2026,Journal of periodontology,Salivary microbiota and clinical periodontal measures predicting cardiometabolic disease mortality: A nationwide survey.,10.1002/jper.11395,Original Article,全身疾病與危險因子; 微生物與宿主生物標記,Journal Article,https://pubmed.ncbi.nlm.nih.gov/41071188/
40955590,2026,Journal of periodontology,Evaluating diagnostic accuracy and consistency in applying the 2017 periodontal classification among dental professionals.,10.1002/jper.70011,Original Article,分類與治療指引; 診斷影像與數位工具,Journal Article,https://pubmed.ncbi.nlm.nih.gov/40955590/
40932463,2026,Journal of periodontology,Titanium migration and bone response in loaded osseointegrated implants: ESEM-EDX analysis in Macaca fascicularis.,10.1002/jper.70003,Original Article,植體周圍疾病,Journal Article,https://pubmed.ncbi.nlm.nih.gov/40932463/
40932451,2026,Journal of periodontology,Melatonin inhibits orthodontically induced root resorption through YAP/P65/IL-6 signaling pathway.,10.1002/JPER.24-0600,Original Article,微生物與宿主生物標記,Journal Article,https://pubmed.ncbi.nlm.nih.gov/40932451/
40898769,2026,Journal of periodontology,Maxacalcitol alleviates diabetes-associated periodontitis in male mice by restoring Treg/Th17 balance via SOCE-mediated mitochondrial dysfunction.,10.1002/jper.70002,Original Article,全身疾病與危險因子,Journal Article,https://pubmed.ncbi.nlm.nih.gov/40898769/
40838345,2026,Journal of periodontology,"Association of disrupted circadian rhythms with self-reported periodontal diseases: Insights from 94,305 UK Biobank participants.",10.1002/jper.11388,Original Article,其他牙周臨床/基礎研究,Journal Article,https://pubmed.ncbi.nlm.nih.gov/40838345/
40838332,2026,Journal of periodontology,Association between periodontal parameters and thyroid markers in autoimmune hypothyroidism: A cross-sectional study.,10.1002/JPER.24-0735,Original Article,全身疾病與危險因子; 微生物與宿主生物標記,Journal Article; Comparative Study,https://pubmed.ncbi.nlm.nih.gov/40838332/
40820445,2026,Journal of periodontology,Palatal pre-suturing effects on hemostasis and morbidity in connective tissue grafting: A randomized controlled trial.,10.1002/jper.11392,Original Article,再生與黏膜牙齦手術; 非手術治療與抗菌輔助; 全身疾病與危險因子,Journal Article; Randomized Controlled Trial,https://pubmed.ncbi.nlm.nih.gov/40820445/
40751485,2026,Journal of periodontology,Alveolar bone configuration in mandibular first molars with disto-lingual roots: A cross-sectional radiographic study.,10.1002/jper.11383,Original Article,再生與黏膜牙齦手術; 診斷影像與數位工具,Journal Article,https://pubmed.ncbi.nlm.nih.gov/40751485/
40627763,2026,Journal of periodontology,Periodontal regenerative treatment for maxillary anterior cemental tears: A mid-term cohort study.,10.1002/jper.11377,Original Article,再生與黏膜牙齦手術; SPT/SPC 與風險評估; 診斷影像與數位工具,Journal Article,https://pubmed.ncbi.nlm.nih.gov/40627763/
40627751,2026,Journal of periodontology,Clear aligners and open gingival embrasures: Retrospective study of epidemiology and risk factors.,10.1002/jper.11373,Original Article,全身疾病與危險因子; 診斷影像與數位工具,Journal Article,https://pubmed.ncbi.nlm.nih.gov/40627751/
40577439,2026,Journal of periodontology,Efficacy of horizontal platelet-rich fibrin on gingival tissue regeneration: Cellular and histological analysis.,10.1002/jper.11364,Original Article,再生與黏膜牙齦手術; 非手術治療與抗菌輔助,Journal Article,https://pubmed.ncbi.nlm.nih.gov/40577439/
40452544,2026,Journal of periodontology,Comparing circular cortical-lamina anchoring versus split-crest technique in posterior mandible: A retrospective cohort study.,10.1002/JPER.24-0733,Original Article,再生與黏膜牙齦手術; SPT/SPC 與風險評估,Journal Article; Comparative Study,https://pubmed.ncbi.nlm.nih.gov/40452544/
41761943,2026,Journal of periodontology,Ultrasonographic features of gingival tissue in health and gingivitis.,10.1002/jper.70114,Original Article,其他牙周臨床/基礎研究,Journal Article,https://pubmed.ncbi.nlm.nih.gov/41761943/
41761925,2026,Journal of periodontology,Prediction and risk factor analysis of dental implant failure using Cox regression and machine learning.,10.1002/jper.70112,Original Article,SPT/SPC 與風險評估; 全身疾病與危險因子,Journal Article,https://pubmed.ncbi.nlm.nih.gov/41761925/
41761879,2026,Journal of periodontology,Bone regeneration using aged donor cells and visible light-curable hydrogel: An in vitro and in vivo evaluation.,10.1002/jper.70090,Original Article,再生與黏膜牙齦手術,Journal Article,https://pubmed.ncbi.nlm.nih.gov/41761879/
41761827,2026,Journal of periodontology,Association between serum α-Klotho levels and severity of periodontitis in a representative U.S. population.,10.1002/jper.70080,Original Article,分類與治療指引; SPT/SPC 與風險評估; 全身疾病與危險因子; 微生物與宿主生物標記,Journal Article,https://pubmed.ncbi.nlm.nih.gov/41761827/
41761788,2026,Journal of periodontology,Development of simple predictive models of tooth loss in the community setting.,10.1002/jper.70074,Original Article,分類與治療指引; SPT/SPC 與風險評估; 全身疾病與危險因子,Journal Article,https://pubmed.ncbi.nlm.nih.gov/41761788/
41744043,2026,Journal of periodontology,Twenty-four month clinical outcomes of modified coronally advanced tunnel technique with leukocyte- and platelet-rich fibrin-functionalized porcine dermal matrix for single/multiple gingival recessions.,10.1002/jper.70093,Original Article,再生與黏膜牙齦手術; 診斷影像與數位工具,Journal Article,https://pubmed.ncbi.nlm.nih.gov/41744043/
41742876,2026,Journal of periodontology,Prevalence and local factors associated with radiographic bone loss in primary dentition: A retrospective study.,10.1002/jper.70075,Original Article,分類與治療指引; 全身疾病與危險因子; 診斷影像與數位工具,Journal Article,https://pubmed.ncbi.nlm.nih.gov/41742876/
41742870,2026,Journal of periodontology,The effect of bioactive membrane in alveolar ridge preservation: A double-blind randomized clinical trial.,10.1002/jper.70094,Original Article,再生與黏膜牙齦手術; 診斷影像與數位工具,Journal Article,https://pubmed.ncbi.nlm.nih.gov/41742870/
41711356,2026,Journal of periodontology,Immunological and periodontal benefits of prebiotic polydextrose in rats with induced periodontitis.,10.1002/jper.70095,Original Article,非手術治療與抗菌輔助; 全身疾病與危險因子; 微生物與宿主生物標記,Journal Article,https://pubmed.ncbi.nlm.nih.gov/41711356/
41711341,2026,Journal of periodontology,"GLP-1 receptor agonists: Bridging diabetes, obesity, and periodontitis-A scoping review of emerging evidence.",10.1002/jper.70092,Review,分類與治療指引; 非手術治療與抗菌輔助; 全身疾病與危險因子; 微生物與宿主生物標記,Journal Article; Review,https://pubmed.ncbi.nlm.nih.gov/41711341/
41711309,2026,Journal of periodontology,Effects of cisplatin and tamoxifen chemotherapy on peri-implant bone remodeling around titanium implants in ovariectomized rats: An in vivo study.,10.1002/jper.70096,Original Article,植體周圍疾病,Journal Article,https://pubmed.ncbi.nlm.nih.gov/41711309/
41711308,2026,Journal of periodontology,Porphyromonas gingivalis and Scardovia wiggsiae promote neutrophil-induced lung epithelial cell apoptosis and emphysema.,10.1002/jper.70091,Original Article,全身疾病與危險因子; 微生物與宿主生物標記,Journal Article,https://pubmed.ncbi.nlm.nih.gov/41711308/
41711306,2026,Journal of periodontology,Age-related local versus systemic early phase wound healing dynamics following free gingival graft harvest.,10.1002/jper.70089,Original Article,再生與黏膜牙齦手術; 全身疾病與危險因子; 微生物與宿主生物標記,Journal Article,https://pubmed.ncbi.nlm.nih.gov/41711306/
41711301,2026,Journal of periodontology,Surveying immune and inflammatory alterations in periodontitis among individuals with Down syndrome: A preliminary cross-sectional study.,10.1002/jper.70087,Original Article,SPT/SPC 與風險評估; 全身疾病與危險因子; 微生物與宿主生物標記,Journal Article,https://pubmed.ncbi.nlm.nih.gov/41711301/
41711277,2026,Journal of periodontology,Estradiol replacement attenuates alendronate-associated adverse effects on alveolar bone repair in ovariectomized rats.,10.1002/jper.70088,Original Article,再生與黏膜牙齦手術; SPT/SPC 與風險評估; 全身疾病與危險因子; 診斷影像與數位工具,Journal Article,https://pubmed.ncbi.nlm.nih.gov/41711277/
41711253,2026,Journal of periodontology,Reasoning behind discrepancies in periodontal diagnosis and classification: A mixed-methods analysis.,10.1002/jper.70083,Original Article,分類與治療指引; SPT/SPC 與風險評估; 全身疾病與危險因子; 診斷影像與數位工具,Journal Article,https://pubmed.ncbi.nlm.nih.gov/41711253/
41711240,2026,Journal of periodontology,Development of an artificial intelligence platform to improve compliance in periodontal maintenance patients: A proof-of-concept study.,10.1002/JPER.25-0037,Original Article,分類與治療指引; SPT/SPC 與風險評估; 診斷影像與數位工具,Journal Article,https://pubmed.ncbi.nlm.nih.gov/41711240/
41711187,2026,Journal of periodontology,The future of periodontology: Emerging technologies and conceptual shifts.,10.1002/jper.70079,Original Article,SPT/SPC 與風險評估; 全身疾病與危險因子; 微生物與宿主生物標記; 診斷影像與數位工具,Journal Article,https://pubmed.ncbi.nlm.nih.gov/41711187/
41653418,2026,Journal of periodontology,2022 Japanese Society of Periodontology and Japanese Academy of Clinical Periodontology Posters.,10.1002/JPER.25-0166,Original Article,其他牙周臨床/基礎研究,Journal Article,https://pubmed.ncbi.nlm.nih.gov/41653418/
41653409,2026,Journal of periodontology,Validation of model predicting furcation involvement in newly crowned teeth-A 5-year retrospective follow-up.,10.1002/jper.70072,Original Article,分類與治療指引; 再生與黏膜牙齦手術; SPT/SPC 與風險評估,Journal Article,https://pubmed.ncbi.nlm.nih.gov/41653409/
41653406,2026,Journal of periodontology,Age and sex affect the prevalence and severity of periodontal conditions in an academic setting.,10.1002/jper.70053,Original Article,全身疾病與危險因子,Journal Article,https://pubmed.ncbi.nlm.nih.gov/41653406/
41653404,2026,Journal of periodontology,Does timing of systemic antibiotics influence periodontal treatment outcomes? A randomized clinical trial.,10.1002/jper.70057,Original Article,分類與治療指引; 非手術治療與抗菌輔助; SPT/SPC 與風險評估; 全身疾病與危險因子; 微生物與宿主生物標記,Journal Article,https://pubmed.ncbi.nlm.nih.gov/41653404/
41627060,2026,Journal of periodontology,Oral mucosal wound healing: A photograph-based prospective study.,10.1002/jper.70063,Original Article,其他牙周臨床/基礎研究,Journal Article,https://pubmed.ncbi.nlm.nih.gov/41627060/
41627028,2026,Journal of periodontology,Digital and tomographic identification of risk indicators for gingival recession in the mandibular anterior region: A cross-sectional study.,10.1002/jper.70073,Original Article,再生與黏膜牙齦手術; SPT/SPC 與風險評估; 診斷影像與數位工具,Journal Article,https://pubmed.ncbi.nlm.nih.gov/41627028/
41627021,2026,Journal of periodontology,Electrolyzed saline as an alternative to chlorhexidine: Antimicrobial and biofilm volume outcomes in a 4-day non-brushing randomized controlled clinical trial.,10.1002/jper.70070,Original Article,非手術治療與抗菌輔助; 微生物與宿主生物標記,Journal Article,https://pubmed.ncbi.nlm.nih.gov/41627021/
41450231,2026,Journal of periodontology,Epigenetic inflammatory memory and periodontal disease: Mechanisms and clinical significance for comorbidities.,10.1002/jper.70040,Review,全身疾病與危險因子,Journal Article; Review,https://pubmed.ncbi.nlm.nih.gov/41450231/
41403351,2026,Journal of periodontology,Genome-wide association study of periodontitis severity and progression.,10.1002/jper.70017,Original Article,其他牙周臨床/基礎研究,Journal Article,https://pubmed.ncbi.nlm.nih.gov/41403351/
41373089,2026,Journal of periodontology,Neutrophil extracellular traps and phosphatidylserine exposure: The hidden thrombotic threat of periodontitis with diabetes.,10.1002/jper.70038,Original Article,全身疾病與危險因子,Journal Article,https://pubmed.ncbi.nlm.nih.gov/41373089/
41373087,2026,Journal of periodontology,Tooth loss trajectories and their association with frailty risk: A 10-year population-based cohort study.,10.1002/jper.70033,Original Article,SPT/SPC 與風險評估,Journal Article,https://pubmed.ncbi.nlm.nih.gov/41373087/
41331699,2026,Journal of periodontology,Evaluation of Discoidin domain receptor 1 (DDR1) in junctional epithelial permeability and wound healing.,10.1002/jper.70031,Original Article,微生物與宿主生物標記,Journal Article,https://pubmed.ncbi.nlm.nih.gov/41331699/
41004223,2026,Journal of periodontology,From primary to secondary care level: Assessing patient retention of periodontal staging and grading information.,10.1002/jper.70008,Original Article,分類與治療指引; SPT/SPC 與風險評估; 診斷影像與數位工具,Journal Article,https://pubmed.ncbi.nlm.nih.gov/41004223/
40955531,2026,Journal of periodontology,The effect of non-surgical periodontal treatment on Dickkopf-1 and secreted Frizzled-Related Protein 5 levels.,10.1002/jper.70005,Original Article,非手術治療與抗菌輔助; SPT/SPC 與風險評估; 微生物與宿主生物標記; 診斷影像與數位工具,Journal Article; Comparative Study,https://pubmed.ncbi.nlm.nih.gov/40955531/
40820644,2026,Journal of periodontology,Periodontitis in patients with severe erectile dysfunction undergoing penile prosthesis implantation: Clinical and immunohistochemical study.,10.1002/jper.11391,Original Article,全身疾病與危險因子,Journal Article; Observational Study,https://pubmed.ncbi.nlm.nih.gov/40820644/
40785129,2026,Journal of periodontology,Volumetric buccal bone alterations at immediate implant sites with or without soft tissue augmentation: A 6-month assessment.,10.1002/jper.11381,Original Article,再生與黏膜牙齦手術; 診斷影像與數位工具,Journal Article; Randomized Controlled Trial,https://pubmed.ncbi.nlm.nih.gov/40785129/
40778524,2026,Journal of periodontology,Dose-dependent association of systemic comorbidities with periodontitis severity: A large population cross-sectional study.,10.1002/JPER.25-0055,Original Article,分類與治療指引; 全身疾病與危險因子,Journal Article; Multicenter Study,https://pubmed.ncbi.nlm.nih.gov/40778524/
40751468,2026,Journal of periodontology,Factors influencing tooth loss over 9-11 years in young individuals with periodontitis.,10.1002/JPER.24-0687,Original Article,分類與治療指引; SPT/SPC 與風險評估; 全身疾病與危險因子; 診斷影像與數位工具,Journal Article,https://pubmed.ncbi.nlm.nih.gov/40751468/
40674412,2026,Journal of periodontology,Radiographic changes in the maxillary sinus following closed sinus augmentation.,10.1002/jper.11376,Original Article,再生與黏膜牙齦手術; 診斷影像與數位工具,Journal Article; Comparative Study,https://pubmed.ncbi.nlm.nih.gov/40674412/
40627760,2026,Journal of periodontology,Clinical and histological outcomes of allogenic amnion-chorion membrane for palatal donor site healing.,10.1002/jper.11370,Original Article,再生與黏膜牙齦手術,Journal Article; Randomized Controlled Trial; Comparative Study,https://pubmed.ncbi.nlm.nih.gov/40627760/
40627755,2026,Journal of periodontology,Vitamins K2 and D3 enhance guided bone regeneration in rat calvarial bone defects.,10.1002/jper.11372,Original Article,再生與黏膜牙齦手術; 非手術治療與抗菌輔助,Journal Article,https://pubmed.ncbi.nlm.nih.gov/40627755/
39039730,2026,Journal of periodontology,"Correction to ""Salivary cytokine expression after nonsurgical periodontal therapy in smokers: 12-month follow-up"".",10.1002/jper.11256,Other,非手術治療與抗菌輔助; 微生物與宿主生物標記,Published Erratum,https://pubmed.ncbi.nlm.nih.gov/39039730/
41615282,2026,Journal of periodontology,Are the detection and dimensions of peri-implant buccal bone defects influenced by different implant materials and their location? An experimental cone-beam computed tomography study.,10.1002/jper.70076,Original Article,植體周圍疾病; 診斷影像與數位工具,Journal Article,https://pubmed.ncbi.nlm.nih.gov/41615282/
41582870,2026,Journal of periodontology,Insulin resistance indices and periodontitis in patients with diabetes: A nationwide population-based study.,10.1002/jper.70059,Original Article,分類與治療指引; SPT/SPC 與風險評估; 全身疾病與危險因子,Journal Article,https://pubmed.ncbi.nlm.nih.gov/41582870/
41582848,2026,Journal of periodontology,Tracing the evolution of root coverage: Clinical milestones leading to a minimally invasive era.,10.1002/jper.70044,Review,分類與治療指引; 再生與黏膜牙齦手術,Journal Article; Review,https://pubmed.ncbi.nlm.nih.gov/41582848/
41582845,2026,Journal of periodontology,The influence of implant platform apico-coronal position on the bone level of adjacent teeth.,10.1002/jper.70056,Original Article,其他牙周臨床/基礎研究,Journal Article,https://pubmed.ncbi.nlm.nih.gov/41582845/
41582843,2026,Journal of periodontology,Effects of testosterone and high-dose anabolic steroids on orthodontic-induced bone remodeling and root resorption: An animal study.,10.1002/jper.70068,Original Article,其他牙周臨床/基礎研究,Journal Article,https://pubmed.ncbi.nlm.nih.gov/41582843/
41582838,2026,Journal of periodontology,Mineral-targeted alkaline phosphatase improves bone graft-mediated alveolar bone defect healing in mice.,10.1002/jper.70061,Original Article,再生與黏膜牙齦手術,Journal Article,https://pubmed.ncbi.nlm.nih.gov/41582838/
41582837,2026,Journal of periodontology,Diagnostic accuracy of transmucosal probe visualization for peri-implant mucosal phenotype assessment: A cross-sectional study.,10.1002/jper.70062,Original Article,分類與治療指引; 植體周圍疾病,Journal Article,https://pubmed.ncbi.nlm.nih.gov/41582837/
41553873,2026,Journal of periodontology,"Salivary galectin-7, galectin-10, and MMP-9 levels in periodontally healthy, gingivitis, and periodontitis patients.",10.1002/jper.70015,Original Article,分類與治療指引; SPT/SPC 與風險評估; 全身疾病與危險因子; 微生物與宿主生物標記; 診斷影像與數位工具,Journal Article,https://pubmed.ncbi.nlm.nih.gov/41553873/
41553868,2026,Journal of periodontology,Diagnostic modulation of subgingival proteomic biomarkers by age and smoking habits in periodontitis.,10.1002/jper.70054,Original Article,分類與治療指引; 非手術治療與抗菌輔助; 全身疾病與危險因子; 微生物與宿主生物標記,Journal Article,https://pubmed.ncbi.nlm.nih.gov/41553868/
41553866,2026,Journal of periodontology,Change in tooth mobility following non-surgical periodontal therapy: A retrospective cohort study of clinical outcomes.,10.1002/jper.70046,Original Article,再生與黏膜牙齦手術; 非手術治療與抗菌輔助; 全身疾病與危險因子,Journal Article,https://pubmed.ncbi.nlm.nih.gov/41553866/
41553860,2026,Journal of periodontology,A retrospective cohort study comparing periodontal regeneration using fibroblast growth factor-2 versus autologous bone graft.,10.1002/jper.70060,Original Article,再生與黏膜牙齦手術; 全身疾病與危險因子,Journal Article,https://pubmed.ncbi.nlm.nih.gov/41553860/
41553855,2026,Journal of periodontology,Periodontitis severity and its social and clinical determinants: An ACES framework-based NHANES analysis.,10.1002/jper.70064,Original Article,分類與治療指引; 全身疾病與危險因子,Journal Article,https://pubmed.ncbi.nlm.nih.gov/41553855/
41553854,2026,Journal of periodontology,The impact of periodontal therapy on clinical and inflammatory parameters in type II diabetics.,10.1002/jper.70035,Original Article,非手術治療與抗菌輔助; 全身疾病與危險因子,Journal Article,https://pubmed.ncbi.nlm.nih.gov/41553854/
41553844,2026,Journal of periodontology,Periodontal regeneration with enamel matrix derivative and decortication: A retrospective analysis of one year clinical and radiographic outcomes.,10.1002/jper.70067,Original Article,再生與黏膜牙齦手術; 非手術治療與抗菌輔助; 診斷影像與數位工具,Journal Article,https://pubmed.ncbi.nlm.nih.gov/41553844/
41531395,2026,Journal of periodontology,Peri-implant disease pathogenesis animal models: Consensus report of Workgroup 1 of the IADR Implantology Research Group Best Evidence Consensus Symposium on Peri-Implant Disease and Its Treatment.,10.1002/JPER.24-0423,Original Article,分類與治療指引; 植體周圍疾病; 全身疾病與危險因子,Journal Article,https://pubmed.ncbi.nlm.nih.gov/41531395/
41525464,2026,Journal of periodontology,Alterations in brain metabolites in rats with experimental periodontitis: A metabolomic approach.,10.1002/jper.70069,Original Article,全身疾病與危險因子,Journal Article,https://pubmed.ncbi.nlm.nih.gov/41525464/
41511067,2026,Journal of periodontology,Association of human papillomavirus infection with increased new-onset periodontitis risk: A multi-center retrospective cohort study.,10.1002/jper.70052,Original Article,診斷影像與數位工具,Journal Article,https://pubmed.ncbi.nlm.nih.gov/41511067/
41502118,2026,Journal of periodontology,Impact of COVID-19 pandemic-related disruptions in periodontal maintenance on periodontal health.,10.1002/jper.70050,Original Article,SPT/SPC 與風險評估; 全身疾病與危險因子,Journal Article,https://pubmed.ncbi.nlm.nih.gov/41502118/
41498281,2026,Journal of periodontology,An updated evidence-based recommendation for the treatment of gingival recession associated with non-carious cervical lesions.,10.1002/jper.70049,Review,分類與治療指引; 再生與黏膜牙齦手術,Journal Article; Review,https://pubmed.ncbi.nlm.nih.gov/41498281/
41498258,2026,Journal of periodontology,Morphological patterns of buccal bone plate in the maxillary esthetic zone: A cross-sectional study.,10.1002/jper.70071,Original Article,分類與治療指引; 診斷影像與數位工具,Journal Article,https://pubmed.ncbi.nlm.nih.gov/41498258/
40952033,2026,Journal of periodontology,Relationship between Mediterranean diet and periodontal inflammation in a UK population: A cross-sectional study.,10.1002/jper.70016,Original Article,分類與治療指引; 全身疾病與危險因子; 微生物與宿主生物標記,Journal Article,https://pubmed.ncbi.nlm.nih.gov/40952033/
40867041,2026,Journal of periodontology,Three-dimensional craniofacial morphology predicts periodontal tissue dimensions using the facial scanner.,10.1002/jper.70006,Original Article,診斷影像與數位工具,Journal Article,https://pubmed.ncbi.nlm.nih.gov/40867041/
40838330,2026,Journal of periodontology,Volume-stable collagen matrix to treat gingival recession associated with non-carious cervical lesions: Randomized clinical trial.,10.1002/jper.11386,Original Article,再生與黏膜牙齦手術,Journal Article; Randomized Controlled Trial,https://pubmed.ncbi.nlm.nih.gov/40838330/
40824186,2026,Journal of periodontology,Long noncoding RNA MIR100HG regulates inflammatory response by interacting with RNA-binding protein Quaking in periodontitis.,10.1002/jper.11394,Original Article,微生物與宿主生物標記,Journal Article,https://pubmed.ncbi.nlm.nih.gov/40824186/
40820487,2026,Journal of periodontology,Prosthetic factors influencing the prevalence of peri-implant diseases and marginal bone loss in static computer-assisted implant sites: A cross-sectional study.,10.1002/jper.11387,Original Article,分類與治療指引; 植體周圍疾病; 再生與黏膜牙齦手術; 診斷影像與數位工具,Journal Article,https://pubmed.ncbi.nlm.nih.gov/40820487/
40751474,2026,Journal of periodontology,"Multi-cohort evaluation of ""Don't know"" responders to self-report oral health questions: Implications for etiologic research.",10.1002/jper.11378,Original Article,全身疾病與危險因子,Journal Article; Observational Study,https://pubmed.ncbi.nlm.nih.gov/40751474/
40729460,2026,Journal of periodontology,Effect of allograft and xenograft ridge preservation on dental implant outcomes: A retrospective cohort study.,10.1002/JPER.24-0852,Original Article,植體周圍疾病; 再生與黏膜牙齦手術; SPT/SPC 與風險評估,Journal Article; Comparative Study,https://pubmed.ncbi.nlm.nih.gov/40729460/
40702945,2026,Journal of periodontology,"Healing following ridge preservation using demineralized allograft particles or fibers alone, and combined with xenograft.",10.1002/jper.11374,Original Article,再生與黏膜牙齦手術,Journal Article; Randomized Controlled Trial; Comparative Study,https://pubmed.ncbi.nlm.nih.gov/40702945/
40627764,2026,Journal of periodontology,The microbial metabolite isovaleric acid aggravates gelatinase-mediated periodontal tissue destruction via the NF-κB signaling pathway.,10.1002/jper.11375,Original Article,非手術治療與抗菌輔助; 微生物與宿主生物標記,Journal Article,https://pubmed.ncbi.nlm.nih.gov/40627764/
40522719,2026,Journal of periodontology,Effect of smoking over one pack daily on implant healing and health: A cohort study.,10.1002/jper.11362,Original Article,植體周圍疾病; 全身疾病與危險因子; 診斷影像與數位工具,Journal Article,https://pubmed.ncbi.nlm.nih.gov/40522719/
40491325,2026,Journal of periodontology,Association between high serum ferritin and periodontitis: A population-based cross-sectional preliminary study.,10.1002/JPER.24-0491,Original Article,全身疾病與危險因子,Journal Article,https://pubmed.ncbi.nlm.nih.gov/40491325/
40388196,2026,Journal of periodontology,Concentrated growth factor with guided tissue regeneration for shallow infrabony defects: A one-year prospective study.,10.1002/JPER.24-0728,Original Article,再生與黏膜牙齦手術; 診斷影像與數位工具,Journal Article,https://pubmed.ncbi.nlm.nih.gov/40388196/
41474259,2025,Journal of periodontology,Hyperglycemia exacerbates placental inflammation induced by Porphyromonas gingivalis-lipopolysaccharide.,10.1002/jper.70051,Original Article,全身疾病與危險因子; 微生物與宿主生物標記,Journal Article,https://pubmed.ncbi.nlm.nih.gov/41474259/
41466554,2025,Journal of periodontology,Diagnostic accuracy of artificial intelligence-based deep learning models in detecting furcation involvement: A systematic review and meta-analysis.,10.1002/jper.70055,Review,再生與黏膜牙齦手術; SPT/SPC 與風險評估; 診斷影像與數位工具,Journal Article; Review,https://pubmed.ncbi.nlm.nih.gov/41466554/
41457808,2025,Journal of periodontology,Outcomes of alveolar ridge preservation using a collagenated bovine bone xenograft: A randomized controlled trial.,10.1002/jper.70036,Original Article,再生與黏膜牙齦手術; 診斷影像與數位工具,Journal Article,https://pubmed.ncbi.nlm.nih.gov/41457808/
41450199,2025,Journal of periodontology,Predicting peri-implantitis incidence and implant failure via risk-assessment and prognostication tools: A validation study.,10.1002/jper.70047,Original Article,分類與治療指引; 植體周圍疾病; SPT/SPC 與風險評估,Journal Article,https://pubmed.ncbi.nlm.nih.gov/41450199/
41450179,2025,Journal of periodontology,Peri-implantitis pathogenesis: Novel insights may guide therapeutic interventions.,10.1002/jper.70037,Review,植體周圍疾病; SPT/SPC 與風險評估; 全身疾病與危險因子; 診斷影像與數位工具,Journal Article; Review,https://pubmed.ncbi.nlm.nih.gov/41450179/
41450084,2025,Journal of periodontology,Increased risk of mild cognitive impairment is associated with severe periodontitis: A cross-sectional study.,10.1002/jper.70042,Original Article,再生與黏膜牙齦手術,Journal Article,https://pubmed.ncbi.nlm.nih.gov/41450084/
41450080,2025,Journal of periodontology,Shortened outreach periodontal therapy in nursing home residents with periodontitis: A randomized controlled trial.,10.1002/jper.70041,Original Article,分類與治療指引; 非手術治療與抗菌輔助,Journal Article,https://pubmed.ncbi.nlm.nih.gov/41450080/
41373110,2025,Journal of periodontology,aMMP-8 self-testing and self-administered questionnaires for periodontitis screening: A diagnostic trial in a Chinese population.,10.1002/jper.70032,Original Article,分類與治療指引; SPT/SPC 與風險評估; 微生物與宿主生物標記; 診斷影像與數位工具,Journal Article,https://pubmed.ncbi.nlm.nih.gov/41373110/
41373090,2025,Journal of periodontology,The influence of flap design on the relevance of biomaterials in regenerative periodontal surgery.,10.1002/jper.70034,Review,再生與黏膜牙齦手術; 診斷影像與數位工具,Journal Article; Review,https://pubmed.ncbi.nlm.nih.gov/41373090/
41373085,2025,Journal of periodontology,Deep learning-based identification of periodontal infrabony defects with regenerative potential: A multicenter retrospective study.,10.1002/jper.70039,Original Article,分類與治療指引; 再生與黏膜牙齦手術; 診斷影像與數位工具,Journal Article,https://pubmed.ncbi.nlm.nih.gov/41373085/
41373067,2025,Journal of periodontology,Comparative efficacy of novel bioactive glass versus sodium fluoride toothpaste for dentin hypersensitivity.,10.1002/jper.70024,Original Article,其他牙周臨床/基礎研究,Journal Article,https://pubmed.ncbi.nlm.nih.gov/41373067/
41363709,2025,Journal of periodontology,Dextran sodium sulfate confounds causal role of periodontitis in inflammatory bowel disease.,10.1002/jper.70045,Original Article,全身疾病與危險因子; 微生物與宿主生物標記,Journal Article,https://pubmed.ncbi.nlm.nih.gov/41363709/
41159894,2025,Journal of periodontology,Validity of a self-reported questionnaire for periodontal status in a Thai population.,10.1002/JPER.24-0707,Original Article,分類與治療指引; 全身疾病與危險因子; 診斷影像與數位工具,Journal Article; Validation Study,https://pubmed.ncbi.nlm.nih.gov/41159894/
40627767,2025,Journal of periodontology,Stromal cell-derived factor-1 regulates expression of vascular endothelial growth factor and osteopontin after tooth extraction.,10.1002/JPER.24-0785,Original Article,再生與黏膜牙齦手術; SPT/SPC 與風險評估,Journal Article,https://pubmed.ncbi.nlm.nih.gov/40627767/
40627761,2025,Journal of periodontology,Prognostic utility of oral neutrophil counts in high-risk periodontitis: A retrospective study.,10.1002/jper.11360,Original Article,分類與治療指引; SPT/SPC 與風險評估; 微生物與宿主生物標記,Journal Article; Comparative Study,https://pubmed.ncbi.nlm.nih.gov/40627761/
40627758,2025,Journal of periodontology,Causal network between periodontitis and systemic inflammation: Triangulating evidence from Mendelian randomization and sequencing datasets.,10.1002/JPER.24-0382,Original Article,分類與治療指引; 全身疾病與危險因子,Journal Article,https://pubmed.ncbi.nlm.nih.gov/40627758/
40627757,2025,Journal of periodontology,Papilla and gingival outcomes in implant-rehabilitated patients with oligodontia: A retrospective study.,10.1002/jper.11369,Original Article,再生與黏膜牙齦手術,Journal Article; Comparative Study,https://pubmed.ncbi.nlm.nih.gov/40627757/
40622381,2025,Journal of periodontology,"Multiscale, interspecies evaluation of parameters affecting alveolar bone repair.",10.1002/JPER.24-0594,Original Article,分類與治療指引,Journal Article; Comparative Study,https://pubmed.ncbi.nlm.nih.gov/40622381/
40444818,2025,Journal of periodontology,"Randomized clinical trial evaluating kinetic benefits of desensitizing agents: Magnitude, onset, and stability of relief.",10.1002/JPER.24-0688,Original Article,其他牙周臨床/基礎研究,Journal Article; Randomized Controlled Trial; Comparative Study,https://pubmed.ncbi.nlm.nih.gov/40444818/
40444811,2025,Journal of periodontology,Comparative long-term augmentation stability of L- and I-shaped guided bone regeneration techniques for maxillary anterior region.,10.1002/JPER.24-0867,Original Article,植體周圍疾病; 再生與黏膜牙齦手術; 診斷影像與數位工具,Journal Article; Comparative Study,https://pubmed.ncbi.nlm.nih.gov/40444811/
40388113,2025,Journal of periodontology,Efficacy of soft tissue augmentation in the maxillary esthetic region: A 5-year randomized controlled trial.,10.1002/JPER.24-0660,Original Article,植體周圍疾病; 再生與黏膜牙齦手術,Journal Article; Randomized Controlled Trial,https://pubmed.ncbi.nlm.nih.gov/40388113/
40351293,2025,Journal of periodontology,Transcriptome analysis of granulation tissue from periodontal osseous defects.,10.1002/JPER.24-0821,Original Article,再生與黏膜牙齦手術; 非手術治療與抗菌輔助,Journal Article,https://pubmed.ncbi.nlm.nih.gov/40351293/
41259347,2025,Journal of periodontology,Design characteristics of studies evaluating the effect of non-surgical periodontal treatment on systemic health outcomes.,10.1002/JPER.24-0847,Original Article,非手術治療與抗菌輔助; 全身疾病與危險因子,Journal Article,https://pubmed.ncbi.nlm.nih.gov/41259347/
41251456,2025,Journal of periodontology,C-reactive protein interactive with IL-6 mediates alveolar bone remodeling imbalance during orthodontic tooth movement with periodontitis.,10.1002/jper.70030,Original Article,其他牙周臨床/基礎研究,Journal Article,https://pubmed.ncbi.nlm.nih.gov/41251456/
41211647,2025,Journal of periodontology,The association of periodontal inflammation and inflammatory markers with cognitive dysfunction: A case-control study.,10.1002/jper.70020,Original Article,微生物與宿主生物標記,Journal Article,https://pubmed.ncbi.nlm.nih.gov/41211647/
41201882,2025,Journal of periodontology,Management of residual periodontal pockets using an oscillating chitosan device: A randomized clinical trial.,10.1002/jper.70010,Original Article,分類與治療指引; 再生與黏膜牙齦手術; 非手術治療與抗菌輔助; SPT/SPC 與風險評估; 微生物與宿主生物標記,Journal Article,https://pubmed.ncbi.nlm.nih.gov/41201882/
41201872,2025,Journal of periodontology,Cross-sectional analysis of role of socioeconomic status in the association between depression and periodontitis.,10.1002/jper.70012,Original Article,其他牙周臨床/基礎研究,Journal Article,https://pubmed.ncbi.nlm.nih.gov/41201872/
41187004,2025,Journal of periodontology,TAM pathway proteins as novel salivary biomarkers for periodontitis.,10.1002/jper.70021,Original Article,分類與治療指引; 微生物與宿主生物標記; 診斷影像與數位工具,Journal Article,https://pubmed.ncbi.nlm.nih.gov/41187004/
40674387,2025,Journal of periodontology,Global burden of oral disorders with projections over the next 30 years.,10.1002/JPER.24-0638,Original Article,SPT/SPC 與風險評估,Journal Article,https://pubmed.ncbi.nlm.nih.gov/40674387/
40444858,2025,Journal of periodontology,Sustainability of regular use of interdental cleaning tools in periodontally healthy individuals.,10.1002/JPER.24-0551,Original Article,其他牙周臨床/基礎研究,Journal Article; Randomized Controlled Trial; Comparative Study,https://pubmed.ncbi.nlm.nih.gov/40444858/
40298280,2025,Journal of periodontology,Hypomethylation of the interleukin-6 promoter in gingival tissue of patients with periodontitis.,10.1002/JPER.24-0698,Original Article,微生物與宿主生物標記,Journal Article,https://pubmed.ncbi.nlm.nih.gov/40298280/
40254962,2025,Journal of periodontology,Machine learning-assisted prediction of clinical responses to periodontal treatment.,10.1002/JPER.24-0737,Original Article,SPT/SPC 與風險評估; 全身疾病與危險因子,Journal Article,https://pubmed.ncbi.nlm.nih.gov/40254962/
40254821,2025,Journal of periodontology,J-shaped associations between thiocyanate and periodontitis: A cross-sectional study from NHANES 2009-2014.,10.1002/JPER.24-0832,Original Article,分類與治療指引,Journal Article,https://pubmed.ncbi.nlm.nih.gov/40254821/
40209073,2025,Journal of periodontology,"Influence of soft tissue thickness, blade type, and guide design on computer-assisted esthetic crown lengthening.",10.1002/JPER.24-0860,Original Article,診斷影像與數位工具,Journal Article,https://pubmed.ncbi.nlm.nih.gov/40209073/
40173055,2025,Journal of periodontology,Metformin reverses periodontal destruction caused by experimental periodontitis by inhibiting interleukin-1β activity.,10.1002/JPER.24-0684,Original Article,全身疾病與危險因子,Journal Article,https://pubmed.ncbi.nlm.nih.gov/40173055/
40153369,2025,Journal of periodontology,Peri-implantitis reconstructive treatment implementing a titanium brush: 5-year extension results from a randomized clinical trial.,10.1002/JPER.24-0673,Original Article,植體周圍疾病; 再生與黏膜牙齦手術; 非手術治療與抗菌輔助; 診斷影像與數位工具,Journal Article; Randomized Controlled Trial; Observational Study,https://pubmed.ncbi.nlm.nih.gov/40153369/
40153360,2025,Journal of periodontology,Immediate postoperative anesthesia with either lidocaine or bupivacaine: A short-term clinical response.,10.1002/JPER.25-0045,Original Article,再生與黏膜牙齦手術,Journal Article; Randomized Controlled Trial; Comparative Study,https://pubmed.ncbi.nlm.nih.gov/40153360/
41159907,2025,Journal of periodontology,Genetic susceptibility and metabolic pathways linking oral health to metabolic dysfunction-associated steatotic liver disease.,10.1002/jper.70029,Original Article,全身疾病與危險因子; 微生物與宿主生物標記,Journal Article,https://pubmed.ncbi.nlm.nih.gov/41159907/
41159906,2025,Journal of periodontology,Cost-effectiveness and long-term outcomes of periodontal regeneration versus dental implants: A retrospective study.,10.1002/jper.70023,Original Article,植體周圍疾病; 再生與黏膜牙齦手術; SPT/SPC 與風險評估,Journal Article,https://pubmed.ncbi.nlm.nih.gov/41159906/
41159895,2025,Journal of periodontology,Reduced prevalence of periodontitis in antidepressant users: Findings from a large-scale US sample.,10.1002/jper.70014,Original Article,分類與治療指引; 再生與黏膜牙齦手術,Journal Article,https://pubmed.ncbi.nlm.nih.gov/41159895/
41138070,2025,Journal of periodontology,Association between periodontitis and gestational diabetes mellitus via systemic inflammation: A prospective cohort study.,10.1002/jper.70026,Original Article,分類與治療指引; 全身疾病與危險因子; 微生物與宿主生物標記,Journal Article,https://pubmed.ncbi.nlm.nih.gov/41138070/
41105699,2025,Journal of periodontology,"Relationships between periodontitis, tooth loss, and metabolic syndrome indicators.",10.1002/jper.70022,Original Article,分類與治療指引; SPT/SPC 與風險評估; 全身疾病與危險因子,Journal Article,https://pubmed.ncbi.nlm.nih.gov/41105699/
41104943,2025,Journal of periodontology,Upregulation of senescence-associated gene expression levels in human gingival tissue affected by periodontitis.,10.1002/jper.11393,Original Article,SPT/SPC 與風險評估; 微生物與宿主生物標記; 診斷影像與數位工具,Journal Article,https://pubmed.ncbi.nlm.nih.gov/41104943/
41085042,2025,Journal of periodontology,"Arg-gingipain, myeloperoxidase, and anti-CarP across the rheumatoid arthritis spectrum.",10.1002/jper.70009,Original Article,分類與治療指引; 非手術治療與抗菌輔助; 全身疾病與危險因子; 微生物與宿主生物標記,Journal Article,https://pubmed.ncbi.nlm.nih.gov/41085042/
41056318,2025,Journal of periodontology,Peri-implant hypoxia as a potential barrier against ferroptotic mechanisms during peri-implant diseases: A cross-sectional study.,10.1002/jper.70001,Original Article,植體周圍疾病; 微生物與宿主生物標記,Journal Article,https://pubmed.ncbi.nlm.nih.gov/41056318/
40689548,2025,Journal of periodontology,Surveying coating strategies for peri-implantitis management: Clinical implications and classificatory approaches.,10.1002/JPER.24-0462,Review,分類與治療指引; 植體周圍疾病; 非手術治療與抗菌輔助; 微生物與宿主生物標記,Journal Article; Review,https://pubmed.ncbi.nlm.nih.gov/40689548/
40663013,2025,Journal of periodontology,Anti-inflammatory and antiresorptive activities of tanshinone-IIA mitigate alveolar bone destruction in mice with experimental periodontitis.,10.1002/JPER.24-0618,Original Article,再生與黏膜牙齦手術; 非手術治療與抗菌輔助; SPT/SPC 與風險評估; 微生物與宿主生物標記,Journal Article,https://pubmed.ncbi.nlm.nih.gov/40663013/
40627765,2025,Journal of periodontology,Resolvin E1 and maresin 1 restore senescence-induced disruption of human periodontal ligament fibroblast function.,10.1002/JPER.24-0565,Original Article,再生與黏膜牙齦手術,Journal Article,https://pubmed.ncbi.nlm.nih.gov/40627765/
40173048,2025,Journal of periodontology,Comparison of four bone substitute types in sinus augmentation with perforated Schneiderian membrane: An experimental study.,10.1002/JPER.24-0663,Original Article,再生與黏膜牙齦手術,Journal Article; Comparative Study,https://pubmed.ncbi.nlm.nih.gov/40173048/
40153367,2025,Journal of periodontology,Prior chronic periodontitis is associated with chronic rhinosinusitis: A population-based case-control study.,10.1002/JPER.24-0744,Original Article,分類與治療指引; 診斷影像與數位工具,Journal Article,https://pubmed.ncbi.nlm.nih.gov/40153367/
40125562,2025,Journal of periodontology,Treatment of peri-implantitis with diode laser or mucosal flap surgery: A clinical randomized controlled trial.,10.1002/JPER.24-0683,Original Article,分類與治療指引; 植體周圍疾病; 非手術治療與抗菌輔助; 微生物與宿主生物標記,Journal Article; Randomized Controlled Trial; Comparative Study,https://pubmed.ncbi.nlm.nih.gov/40125562/
40099937,2025,Journal of periodontology,Gingival crevicular fluid during experimental gingivitis: A review of immune and tissue regulation.,10.1002/JPER.24-0715,Review,全身疾病與危險因子; 微生物與宿主生物標記,Journal Article; Systematic Review,https://pubmed.ncbi.nlm.nih.gov/40099937/
40099890,2025,Journal of periodontology,Association between periodontitis severity and prostate-specific antigen levels using the NHANES data.,10.1002/JPER.24-0561,Original Article,分類與治療指引; SPT/SPC 與風險評估; 全身疾病與危險因子; 診斷影像與數位工具,Journal Article,https://pubmed.ncbi.nlm.nih.gov/40099890/
39925314,2025,Journal of periodontology,Presence of nonimpacted third molars affects the response of neighboring teeth to nonsurgical periodontal therapy.,10.1002/JPER.24-0674,Original Article,再生與黏膜牙齦手術; 非手術治療與抗菌輔助,Journal Article,https://pubmed.ncbi.nlm.nih.gov/39925314/
39868971,2025,Journal of periodontology,Effect of initial bone morphology on alveolar bone remodeling following molar extraction: A retrospective study.,10.1002/JPER.24-0342,Original Article,再生與黏膜牙齦手術; 診斷影像與數位工具,Journal Article,https://pubmed.ncbi.nlm.nih.gov/39868971/
41004203,2025,Journal of periodontology,Periodontitis and high phosphate intake alone or in combination adversely affect the kidney.,10.1002/jper.70013,Original Article,其他牙周臨床/基礎研究,Journal Article,https://pubmed.ncbi.nlm.nih.gov/41004203/
41004198,2025,Journal of periodontology,Probiotic consumption reduces alveolar bone loss and kidney damage in pregnant rats with experimental periodontitis.,10.1002/jper.11389,Original Article,再生與黏膜牙齦手術; 非手術治療與抗菌輔助; SPT/SPC 與風險評估; 全身疾病與危險因子,Journal Article,https://pubmed.ncbi.nlm.nih.gov/41004198/
40627762,2025,Journal of periodontology,Pouch versus non-pouch technique for repairing the maxillary sinus membrane large perforation in rhesus monkey.,10.1002/JPER.24-0717,Original Article,再生與黏膜牙齦手術,Journal Article; Comparative Study,https://pubmed.ncbi.nlm.nih.gov/40627762/
40627754,2025,Journal of periodontology,Triglyceride glucose index and periodontitis: A nationwide study.,10.1002/JPER.24-0490,Original Article,全身疾病與危險因子,Journal Article,https://pubmed.ncbi.nlm.nih.gov/40627754/
40254848,2025,Journal of periodontology,Association between periodontitis and prostate cancer: A case-control study.,10.1002/JPER.24-0440,Original Article,分類與治療指引; 全身疾病與危險因子,Journal Article,https://pubmed.ncbi.nlm.nih.gov/40254848/
40153370,2025,Journal of periodontology,Taurine levels in periodontitis: A pilot study.,10.1002/JPER.24-0574,Original Article,分類與治療指引; 全身疾病與危險因子; 微生物與宿主生物標記,Journal Article,https://pubmed.ncbi.nlm.nih.gov/40153370/
40125572,2025,Journal of periodontology,Dental-implant inflamed surface area: A quantification and simulation study.,10.1002/JPER.24-0320,Original Article,分類與治療指引; 植體周圍疾病; 再生與黏膜牙齦手術; 微生物與宿主生物標記,Journal Article,https://pubmed.ncbi.nlm.nih.gov/40125572/
39925317,2025,Journal of periodontology,"Frequency, cost, and time to re-treatment after active periodontal therapy.",10.1002/JPER.24-0474,Original Article,分類與治療指引; 非手術治療與抗菌輔助; SPT/SPC 與風險評估; 診斷影像與數位工具,Journal Article,https://pubmed.ncbi.nlm.nih.gov/39925317/
39903661,2025,Journal of periodontology,"Silk-fibroin chitosan film for palatal wounds: Material development, in vitro study, and pilot clinical trial.",10.1002/JPER.24-0441,Original Article,再生與黏膜牙齦手術,Journal Article; Clinical Trial,https://pubmed.ncbi.nlm.nih.gov/39903661/
39812473,2025,Journal of periodontology,Excess cement and peri-implant disease: A cross-sectional clinical endoscopic study.,10.1002/JPER.24-0510,Original Article,植體周圍疾病; 診斷影像與數位工具,Journal Article,https://pubmed.ncbi.nlm.nih.gov/39812473/
39692450,2025,Journal of periodontology,"Gingival crevicular fluid Bax, Bcl-xl, interleukin-22, and transforming growth factor beta 1 levels in stage III periodontitis.",10.1002/JPER.24-0356,Original Article,分類與治療指引; 全身疾病與危險因子,Journal Article; Comparative Study,https://pubmed.ncbi.nlm.nih.gov/39692450/
40853679,2025,Journal of periodontology,The effect of non-surgical periodontal treatment on progranulin levels.,10.1002/jper.11396,Original Article,非手術治療與抗菌輔助; 全身疾病與危險因子,Journal Article,https://pubmed.ncbi.nlm.nih.gov/40853679/
40838362,2025,Journal of periodontology,Balint Orban Memorial Program Abstracts.,10.1002/JPER.25-0080,Original Article,其他牙周臨床/基礎研究,Journal Article,https://pubmed.ncbi.nlm.nih.gov/40838362/
40838329,2025,Journal of periodontology,Diversity and random forest models of oral microbiomes in periodontal health using publicly available data.,10.1002/jper.70000,Original Article,非手術治療與抗菌輔助; 微生物與宿主生物標記,Journal Article,https://pubmed.ncbi.nlm.nih.gov/40838329/
40751470,2025,Journal of periodontology,Pulsed electromagnetic field therapy on nonsurgical treatment of peri-implantitis: 12-26 months follow-up.,10.1002/jper.11384,Original Article,植體周圍疾病; 非手術治療與抗菌輔助; 診斷影像與數位工具,Journal Article,https://pubmed.ncbi.nlm.nih.gov/40751470/
40298282,2025,Journal of periodontology,Effect of Porphyromonas gingivalis outer membrane vesicles on renal tubule epithelial-mesenchymal transition.,10.1002/JPER.24-0506,Original Article,分類與治療指引; 再生與黏膜牙齦手術; 微生物與宿主生物標記,Journal Article,https://pubmed.ncbi.nlm.nih.gov/40298282/
40259757,2025,Journal of periodontology,BMAL1 downregulation drives PANoptosis and the osteogenic differentiation impairment of PDLSCs by ERK/AP-1 signaling pathway.,10.1002/JPER.24-0497,Original Article,其他牙周臨床/基礎研究,Journal Article,https://pubmed.ncbi.nlm.nih.gov/40259757/
40231895,2025,Journal of periodontology,Peri-implant inflammation increases the risk of osteonecrosis in mice treated with bisphosphonate.,10.1002/JPER.24-0760,Original Article,植體周圍疾病,Journal Article,https://pubmed.ncbi.nlm.nih.gov/40231895/
40209066,2025,Journal of periodontology,Knowledge and use of digital technologies in periodontal practices in the United States: A survey study.,10.1002/JPER.24-0306,Original Article,診斷影像與數位工具,Journal Article,https://pubmed.ncbi.nlm.nih.gov/40209066/
39950354,2025,Journal of periodontology,Omega-3 and aspirin in the nonsurgical treatment of grade C periodontitis: A randomized clinical trial.,10.1002/JPER.24-0322,Original Article,分類與治療指引; 非手術治療與抗菌輔助; 微生物與宿主生物標記,Journal Article; Randomized Controlled Trial; Comparative Study,https://pubmed.ncbi.nlm.nih.gov/39950354/
39869002,2025,Journal of periodontology,Hotspots and global trends in research of host immune response in periodontitis: A bibliometric analysis.,10.1002/JPER.24-0473,Review,微生物與宿主生物標記,Journal Article; Review,https://pubmed.ncbi.nlm.nih.gov/39869002/
39826138,2025,Journal of periodontology,Colorimetric analysis of intraoral scans: A novel approach for detecting gingival inflammation.,10.1002/JPER.24-0389,Original Article,分類與治療指引; 診斷影像與數位工具,Journal Article,https://pubmed.ncbi.nlm.nih.gov/39826138/
39812457,2025,Journal of periodontology,Influence of rheumatoid arthritis on peri-implant diseases: A longitudinal retrospective clinical and radiographic evaluation.,10.1002/JPER.24-0376,Original Article,分類與治療指引; 植體周圍疾病; 再生與黏膜牙齦手術; SPT/SPC 與風險評估; 全身疾病與危險因子; 診斷影像與數位工具,Journal Article,https://pubmed.ncbi.nlm.nih.gov/39812457/
39632588,2025,Journal of periodontology,"Salivary advanced glycated end products, their receptors, and aMMP-8 in periodontitis patients with varying glycemic levels: A cross-sectional study.",10.1002/JPER.24-0362,Original Article,全身疾病與危險因子; 微生物與宿主生物標記,Journal Article,https://pubmed.ncbi.nlm.nih.gov/39632588/
40729469,2025,Journal of periodontology,"Periodontitis, type 2 diabetes, and other risk factors for implant failure: A nested case-control study.",10.1002/jper.11380,Original Article,分類與治療指引; SPT/SPC 與風險評估; 全身疾病與危險因子,Journal Article,https://pubmed.ncbi.nlm.nih.gov/40729469/
40627759,2025,Journal of periodontology,Effects of prenatal supplementation with probiotics on the development of experimental periodontitis in pregnant mice.,10.1002/JPER.24-0597,Original Article,全身疾病與危險因子; 微生物與宿主生物標記,Journal Article; Comparative Study,https://pubmed.ncbi.nlm.nih.gov/40627759/
39964200,2025,Journal of periodontology,The influence of smoking on periodontal health: A case-control study in Afghanistan.,10.1002/JPER.24-0693,Original Article,分類與治療指引; SPT/SPC 與風險評估; 全身疾病與危險因子,Journal Article,https://pubmed.ncbi.nlm.nih.gov/39964200/
39826136,2025,Journal of periodontology,Differences in health care expenditure due to the comorbidity status of periodontal disease and diabetes mellitus.,10.1002/JPER.24-0496,Original Article,全身疾病與危險因子; 診斷影像與數位工具,Journal Article,https://pubmed.ncbi.nlm.nih.gov/39826136/
39812485,2025,Journal of periodontology,"Cotinine, trans-3'-hydroxycotinine, and nicotine metabolite ratio indicate association between smoking and tooth loss.",10.1002/JPER.24-0249,Original Article,SPT/SPC 與風險評估; 全身疾病與危險因子; 診斷影像與數位工具,Journal Article,https://pubmed.ncbi.nlm.nih.gov/39812485/
39692522,2025,Journal of periodontology,Mediating role of immune cells in association between volatile organic compounds and periodontitis: NHANES 2011-2014.,10.1002/JPER.24-0150,Original Article,其他牙周臨床/基礎研究,Journal Article,https://pubmed.ncbi.nlm.nih.gov/39692522/
39636791,2025,Journal of periodontology,Ridge dimensional changes and implant stability utilizing the osseodensification protocol: A randomized clinical trial.,10.1002/JPER.24-0343,Original Article,再生與黏膜牙齦手術; 診斷影像與數位工具,Journal Article; Randomized Controlled Trial; Comparative Study,https://pubmed.ncbi.nlm.nih.gov/39636791/
39549249,2025,Journal of periodontology,Artificial intelligence with counseling on the treatment outcomes and quality of life in periodontitis patients.,10.1002/JPER.24-0082,Original Article,非手術治療與抗菌輔助; SPT/SPC 與風險評估; 診斷影像與數位工具,Journal Article; Randomized Controlled Trial,https://pubmed.ncbi.nlm.nih.gov/39549249/
39494826,2025,Journal of periodontology,Appraising the life-course impact of Epstein-Barr virus exposure and its genetic signature on periodontitis.,10.1002/JPER.24-0300,Original Article,微生物與宿主生物標記,Journal Article,https://pubmed.ncbi.nlm.nih.gov/39494826/
39437224,2025,Journal of periodontology,Effectiveness of nonsurgical re-instrumentation: Tooth-related factors.,10.1002/JPER.24-0178,Original Article,再生與黏膜牙齦手術; 非手術治療與抗菌輔助,Journal Article,https://pubmed.ncbi.nlm.nih.gov/39437224/
39382046,2025,Journal of periodontology,The impact of intravenous versus submucosal dexamethasone on short-term patient response: A randomized controlled trial.,10.1002/JPER.24-0127,Original Article,其他牙周臨床/基礎研究,Journal Article; Randomized Controlled Trial; Comparative Study,https://pubmed.ncbi.nlm.nih.gov/39382046/
40522758,2025,Journal of periodontology,Putting gingival bleeding front and center when assessing dietary guidelines.,10.1002/JPER.24-0655,Other,分類與治療指引,Editorial,https://pubmed.ncbi.nlm.nih.gov/40522758/
40501397,2025,Journal of periodontology,AO/AAP consensus on prevention and management of peri-implant diseases and conditions: Summary report.,10.1002/JPER.25-0270,Original Article,分類與治療指引; 植體周圍疾病; 非手術治療與抗菌輔助; SPT/SPC 與風險評估; 全身疾病與危險因子; 微生物與宿主生物標記,Journal Article; Consensus Statement,https://pubmed.ncbi.nlm.nih.gov/40501397/
40489307,2025,Journal of periodontology,"Prevalence, incidence, systemic, behavioral, and patient-related risk factors and indicators for peri-implant diseases: An AO/AAP systematic review and meta-analysis.",10.1002/JPER.24-0154,Review,植體周圍疾病; 全身疾病與危險因子,Journal Article; Systematic Review; Meta-Analysis,https://pubmed.ncbi.nlm.nih.gov/40489307/
40489305,2025,Journal of periodontology,"Prevalence, incidence, risk, and protective factors for soft tissue dehiscences at implant sites in the absence of disease: An AO/AAP systematic review and meta-regression analysis.",10.1002/JPER.24-0119,Review,植體周圍疾病; 再生與黏膜牙齦手術; 全身疾病與危險因子,Journal Article; Systematic Review; Meta-Analysis,https://pubmed.ncbi.nlm.nih.gov/40489305/
40489294,2025,Journal of periodontology,Surgical- and implant-related factors and onset/progression of peri-implant diseases: An AO/AAP systematic review.,10.1002/JPER.24-0083,Review,分類與治療指引; 植體周圍疾病; 診斷影像與數位工具,Journal Article; Systematic Review,https://pubmed.ncbi.nlm.nih.gov/40489294/
40489290,2025,Journal of periodontology,The influence of prosthetic designs on peri-implant bone loss: An AO/AAP systematic review and meta-analysis.,10.1002/JPER.24-0144,Review,植體周圍疾病,Journal Article; Systematic Review; Meta-Analysis,https://pubmed.ncbi.nlm.nih.gov/40489290/
39311723,2025,Journal of periodontology,Bmi-1 alleviates alveolar bone resorption through the regulation of autophagy.,10.1002/JPER.23-0796,Original Article,其他牙周臨床/基礎研究,Journal Article,https://pubmed.ncbi.nlm.nih.gov/39311723/
39311712,2025,Journal of periodontology,Serum vitamin D concentration is inversely associated with matrix metalloproteinase-9 level in periodontal diseases.,10.1002/JPER.24-0106,Original Article,SPT/SPC 與風險評估; 全身疾病與危險因子; 微生物與宿主生物標記; 診斷影像與數位工具,Journal Article; Comparative Study,https://pubmed.ncbi.nlm.nih.gov/39311712/
39185702,2025,Journal of periodontology,Effects of a 4-week free-sugar avoidance during periodontal therapy: An explorative randomized controlled clinical trial.,10.1002/JPER.24-0208,Original Article,非手術治療與抗菌輔助; 全身疾病與危險因子,Journal Article; Randomized Controlled Trial,https://pubmed.ncbi.nlm.nih.gov/39185702/
39007745,2025,Journal of periodontology,Efficiency of oral keratinized gingiva detection and measurement based on convolutional neural network.,10.1002/JPER.24-0151,Original Article,SPT/SPC 與風險評估; 診斷影像與數位工具,Journal Article,https://pubmed.ncbi.nlm.nih.gov/39007745/
40444851,2025,Journal of periodontology,Research Forum Poster Session and Competition: Winners.,10.1002/JPER.25-0164,Original Article,其他牙周臨床/基礎研究,Journal Article,https://pubmed.ncbi.nlm.nih.gov/40444851/
40387797,2025,Journal of periodontology,2020 Japanese Society of Periodontology and Japanese Academy of Clinical Periodontology Posters.,10.1002/JPER.25-0114,Original Article,其他牙周臨床/基礎研究,Journal Article,https://pubmed.ncbi.nlm.nih.gov/40387797/
39812490,2025,Journal of periodontology,Research Forum Poster Session and Competition: Winners.,10.1002/JPER.24-0373,Original Article,其他牙周臨床/基礎研究,Journal Article,https://pubmed.ncbi.nlm.nih.gov/39812490/
39812456,2025,Journal of periodontology,Research Forum Poster Session and Competition: Finalists and Posters.,10.1002/JPER.24-0369,Original Article,其他牙周臨床/基礎研究,Journal Article,https://pubmed.ncbi.nlm.nih.gov/39812456/
39692480,2025,Journal of periodontology,Inhibition of fibulin-3 ameliorates periodontal inflammation through reducing M1 macrophage polarization via EGFR/PI3K/AKT pathway.,10.1002/JPER.24-0405,Original Article,其他牙周臨床/基礎研究,Journal Article,https://pubmed.ncbi.nlm.nih.gov/39692480/
39692465,2025,Journal of periodontology,Effects of periodontal disease on the reproductive performance and offspring of Wistar rats.,10.1002/JPER.24-0281,Original Article,全身疾病與危險因子,Journal Article,https://pubmed.ncbi.nlm.nih.gov/39692465/
39403884,2025,Journal of periodontology,Gingival inflammation and leukocyte-endothelium cell interactions in women with polycystic ovary syndrome.,10.1002/JPER.24-0148,Original Article,SPT/SPC 與風險評估; 全身疾病與危險因子,Journal Article; Comparative Study,https://pubmed.ncbi.nlm.nih.gov/39403884/
39311693,2025,Journal of periodontology,Evaluation of salivary interleukin-17 and developmental endothelial locus-1 in patients with periodontitis with and without type 2 diabetes mellitus.,10.1002/JPER.23-0720,Original Article,全身疾病與危險因子; 微生物與宿主生物標記,Journal Article,https://pubmed.ncbi.nlm.nih.gov/39311693/
39185680,2025,Journal of periodontology,Diagnostic reproducibility of the 2018 Classification of Gingival Recessions: Comparing photographic and in-person diagnoses.,10.1002/JPER.24-0173,Original Article,分類與治療指引; 再生與黏膜牙齦手術; 診斷影像與數位工具,Journal Article; Comparative Study,https://pubmed.ncbi.nlm.nih.gov/39185680/
39185638,2025,Journal of periodontology,Histological and immunohistochemical soft-tissue response to cylindrical and concave abutments: Multicenter randomized clinical trial.,10.1002/JPER.24-0250,Original Article,植體周圍疾病; 再生與黏膜牙齦手術,Journal Article; Randomized Controlled Trial; Multicenter Study,https://pubmed.ncbi.nlm.nih.gov/39185638/
39012314,2025,Journal of periodontology,"In vitro comparison of zinc-based, chlorhexidine, and essential oil mouth rinses.",10.1002/JPER.23-0619,Original Article,微生物與宿主生物標記,Journal Article; Comparative Study,https://pubmed.ncbi.nlm.nih.gov/39012314/
38971999,2025,Journal of periodontology,Association between nonalcoholic fatty liver disease scores and chronic periodontitis: A retrospective cohort study.,10.1002/JPER.24-0171,Original Article,其他牙周臨床/基礎研究,Journal Article,https://pubmed.ncbi.nlm.nih.gov/38971999/
39903662,2025,Journal of periodontology,Sexual dimorphism in periodontal inflammation: A cross-sectional study.,10.1002/JPER.24-0466,Original Article,全身疾病與危險因子; 診斷影像與數位工具,Journal Article,https://pubmed.ncbi.nlm.nih.gov/39903662/
39812466,2025,Journal of periodontology,Research Forum Poster Session and Competition: Finalists and Posters.,10.1002/JPER.24-0266,Original Article,其他牙周臨床/基礎研究,Journal Article,https://pubmed.ncbi.nlm.nih.gov/39812466/
39549247,2025,Journal of periodontology,Impact of nonsurgical periodontal treatment on arterial stiffness outcomes related to endothelial dysfunction: A systematic review and meta-analysis.,10.1002/JPER.24-0422,Review,分類與治療指引; 非手術治療與抗菌輔助; 全身疾病與危險因子,Journal Article; Systematic Review; Meta-Analysis,https://pubmed.ncbi.nlm.nih.gov/39549247/
39340437,2025,Journal of periodontology,A population-based study on the associations of thyroid cancer with chronic periodontitis.,10.1002/JPER.24-0311,Original Article,分類與治療指引; 全身疾病與危險因子,Journal Article,https://pubmed.ncbi.nlm.nih.gov/39340437/
39295442,2025,Journal of periodontology,Behçet's disease modifies the gingival inflammatory response.,10.1002/JPER.24-0182,Original Article,全身疾病與危險因子; 微生物與宿主生物標記,Journal Article; Comparative Study,https://pubmed.ncbi.nlm.nih.gov/39295442/
39210600,2025,Journal of periodontology,B10 cells regulate macrophage polarization to alleviate inflammation and bone loss in periodontitis.,10.1002/JPER.24-0114,Original Article,其他牙周臨床/基礎研究,Journal Article,https://pubmed.ncbi.nlm.nih.gov/39210600/
39189666,2025,Journal of periodontology,Lipocalin-2 as a fundamental protein in type 2 diabetes and periodontitis in mice.,10.1002/JPER.24-0215,Original Article,全身疾病與危險因子; 微生物與宿主生物標記,Journal Article,https://pubmed.ncbi.nlm.nih.gov/39189666/
39119887,2025,Journal of periodontology,Gingival phenotype classification by visual and probe visibility assessments: Relationship with thickness and probe design.,10.1002/JPER.24-0172,Original Article,分類與治療指引,Journal Article; Comparative Study,https://pubmed.ncbi.nlm.nih.gov/39119887/
39925335,2025,Journal of periodontology,Effect of an intensive antiplaque regimen on microbiome outcomes after nonsurgical periodontal therapy.,10.1002/JPER.24-0141,Original Article,分類與治療指引; 非手術治療與抗菌輔助; 微生物與宿主生物標記,Journal Article,https://pubmed.ncbi.nlm.nih.gov/39925335/
39565645,2025,Journal of periodontology,Periodontitis associated with brain function impairment in middle-aged and elderly individuals with normal cognition.,10.1002/JPER.24-0264,Original Article,分類與治療指引; 全身疾病與危險因子,Journal Article,https://pubmed.ncbi.nlm.nih.gov/39565645/
39403776,2025,Journal of periodontology,Clinical outcomes of using operating microscope for alveolar ridge preservation: A randomized controlled trial.,10.1002/JPER.24-0081,Original Article,再生與黏膜牙齦手術; SPT/SPC 與風險評估; 診斷影像與數位工具,Journal Article; Randomized Controlled Trial,https://pubmed.ncbi.nlm.nih.gov/39403776/
39282712,2025,Journal of periodontology,Impact of smoking habit on the subgingival proteome in patients with periodontitis.,10.1002/JPER.24-0062,Original Article,分類與治療指引; 非手術治療與抗菌輔助; 全身疾病與危險因子,Journal Article,https://pubmed.ncbi.nlm.nih.gov/39282712/
39185693,2025,Journal of periodontology,Combined application of Er:YAG laser and low-level laser in non-surgical treatment of periodontitis.,10.1002/JPER.24-0128,Original Article,分類與治療指引; 非手術治療與抗菌輔助; 全身疾病與危險因子; 微生物與宿主生物標記,Journal Article; Randomized Controlled Trial; Comparative Study,https://pubmed.ncbi.nlm.nih.gov/39185693/
39007847,2025,Journal of periodontology,In vivo experimental study comparing alveolar ridge preservation versus guided bone regeneration after unassisted socket healing at intact and damaged sites in narrow alveolar ridges.,10.1002/JPER.24-0125,Original Article,植體周圍疾病; 再生與黏膜牙齦手術; 診斷影像與數位工具,Journal Article; Comparative Study,https://pubmed.ncbi.nlm.nih.gov/39007847/
38937866,2025,Journal of periodontology,Laser and scanning electron microscopy evaluation of residual microislands of calculus.,10.1002/JPER.24-0191,Original Article,非手術治療與抗菌輔助,Journal Article; Comparative Study,https://pubmed.ncbi.nlm.nih.gov/38937866/
38937859,2025,Journal of periodontology,Cystathionine γ-lyase contributes to exacerbation of periodontal destruction in experimental periodontitis under hyperglycemia.,10.1002/JPER.23-0811,Original Article,全身疾病與危險因子; 微生物與宿主生物標記,Journal Article,https://pubmed.ncbi.nlm.nih.gov/38937859/
39129325,2025,Journal of periodontology,Immediate single-tooth implant placement in bony defect sites: A 10-year randomized controlled trial.,10.1002/JPER.24-0251,Original Article,分類與治療指引; 植體周圍疾病; 再生與黏膜牙齦手術,Journal Article; Randomized Controlled Trial,https://pubmed.ncbi.nlm.nih.gov/39129325/
39107934,2025,Journal of periodontology,U-shaped association between pan-immune-inflammation value and periodontitis: NHANES 2009-2014.,10.1002/JPER.24-0318,Original Article,分類與治療指引; 非手術治療與抗菌輔助,Journal Article,https://pubmed.ncbi.nlm.nih.gov/39107934/
39082189,2025,Journal of periodontology,Risk factors for the failure of re-implanted dental implants: A 20-year retrospective study.,10.1002/JPER.24-0198,Original Article,全身疾病與危險因子; 診斷影像與數位工具,Journal Article,https://pubmed.ncbi.nlm.nih.gov/39082189/
39031888,2025,Journal of periodontology,Flavonoid gossypetin protects alveolar bone and limits inflammation in ligature-induced periodontitis in mice.,10.1002/JPER.23-0541,Original Article,SPT/SPC 與風險評估,Journal Article,https://pubmed.ncbi.nlm.nih.gov/39031888/
39022872,2025,Journal of periodontology,Oxidative balance scores in Korean adults are associated with periodontitis.,10.1002/JPER.24-0164,Original Article,其他牙周臨床/基礎研究,Journal Article,https://pubmed.ncbi.nlm.nih.gov/39022872/
38937867,2025,Journal of periodontology,Long-term success and influencing factors of regenerative surgery for intra-bony defects: A retrospective cohort study.,10.1002/JPER.23-0701,Original Article,再生與黏膜牙齦手術; SPT/SPC 與風險評估; 全身疾病與危險因子,Journal Article,https://pubmed.ncbi.nlm.nih.gov/38937867/
38884611,2025,Journal of periodontology,Evaluation of circulating IgG antibodies against Porphyromonas gingivalis or its gingipains as serological markers of periodontitis and carriage of the bacterium.,10.1002/JPER.23-0766,Original Article,分類與治療指引; 全身疾病與危險因子; 微生物與宿主生物標記,Journal Article,https://pubmed.ncbi.nlm.nih.gov/38884611/
39868976,2025,Journal of periodontology,"Global burden and trends of severe periodontitis among women of childbearing age, 1990-2021.",10.1002/JPER.24-0615,Original Article,其他牙周臨床/基礎研究,Journal Article,https://pubmed.ncbi.nlm.nih.gov/39868976/
39826135,2025,Journal of periodontology,Effectiveness of nonsurgical re-instrumentation of residual pockets as step 3 of periodontal therapy: A field study.,10.1002/JPER.24-0532,Original Article,非手術治療與抗菌輔助; 全身疾病與危險因子,Journal Article,https://pubmed.ncbi.nlm.nih.gov/39826135/
39031771,2025,Journal of periodontology,The effect of antireaction medications on the association between periodontitis and leprosy reactions: An important methodological issue in periodontal medicine.,10.1002/JPER.23-0725,Original Article,其他牙周臨床/基礎研究,Journal Article; Comparative Study,https://pubmed.ncbi.nlm.nih.gov/39031771/
39031651,2025,Journal of periodontology,Correlation between short-chain fatty acids and peri-implant disease: A cross-sectional study.,10.1002/JPER.23-0682,Original Article,植體周圍疾病; 診斷影像與數位工具,Journal Article,https://pubmed.ncbi.nlm.nih.gov/39031651/
39012429,2025,Journal of periodontology,Disparate effects of sclerostin deletion on alveolar bone and cellular cementum in mice.,10.1002/JPER.24-0025,Original Article,其他牙周臨床/基礎研究,Journal Article,https://pubmed.ncbi.nlm.nih.gov/39012429/
39007741,2025,Journal of periodontology,Quantifying periodontitis-associated oral dysbiosis in tongue and saliva microbiomes-An integrated data analysis.,10.1002/JPER.24-0120,Original Article,非手術治療與抗菌輔助; 微生物與宿主生物標記,Journal Article,https://pubmed.ncbi.nlm.nih.gov/39007741/
39003582,2025,Journal of periodontology,Subgingival microbial profiles in pre- and postmenopausal women: Associations with serum estradiol levels.,10.1002/JPER.24-0267,Original Article,非手術治療與抗菌輔助; 全身疾病與危險因子; 微生物與宿主生物標記,Journal Article,https://pubmed.ncbi.nlm.nih.gov/39003582/
38967396,2025,Journal of periodontology,"Beyond transcription, aryl hydrocarbon receptor plays a protective role in periodontitis by interacting with CaMKII.",10.1002/JPER.24-0021,Original Article,其他牙周臨床/基礎研究,Journal Article,https://pubmed.ncbi.nlm.nih.gov/38967396/
38924066,2025,Journal of periodontology,Periodontal and microbiological evaluation in cleft lip/palate patients undergoing orthodontic treatment: A cross-sectional study.,10.1002/JPER.24-0085,Original Article,非手術治療與抗菌輔助; 微生物與宿主生物標記; 診斷影像與數位工具,Journal Article; Comparative Study,https://pubmed.ncbi.nlm.nih.gov/38924066/
38884702,2025,Journal of periodontology,Effect of alveolar ridge preservation at periodontally compromised molar extraction sockets: A retrospective cohort study.,10.1002/JPER.24-0064,Original Article,分類與治療指引; 再生與黏膜牙齦手術; 全身疾病與危險因子,Journal Article,https://pubmed.ncbi.nlm.nih.gov/38884702/
39031577,2024,Journal of periodontology,Overexpression of the receptor for resolvin E1 (ERV1) prevents early alveolar bone loss in leptin receptor deficiency-induced diabetes.,10.1002/JPER.24-0060,Original Article,全身疾病與危險因子,Journal Article,https://pubmed.ncbi.nlm.nih.gov/39031577/
39003566,2024,Journal of periodontology,Peri-implantitis induction and resolution around zirconia versus titanium implants.,10.1002/JPER.23-0573,Original Article,植體周圍疾病; 再生與黏膜牙齦手術; 非手術治療與抗菌輔助; 診斷影像與數位工具,Journal Article; Comparative Study,https://pubmed.ncbi.nlm.nih.gov/39003566/
38937873,2024,Journal of periodontology,Harvest of epithelialized gingival grafts without application of hemostatic sutures: A randomized clinical trial using laser speckle contrast imaging.,10.1002/JPER.23-0620,Original Article,再生與黏膜牙齦手術,Journal Article; Randomized Controlled Trial,https://pubmed.ncbi.nlm.nih.gov/38937873/
38874285,2024,Journal of periodontology,Survival analysis of teeth following clinical crown lengthening and crown insertion procedures up to 14 years: A retrospective cohort study.,10.1002/JPER.24-0118,Original Article,SPT/SPC 與風險評估,Journal Article,https://pubmed.ncbi.nlm.nih.gov/38874285/
38850405,2024,Journal of periodontology,The mediating role of sugar and lipid metabolism and systemic inflammation in the association between breakfast skipping and periodontitis: A population-based study.,10.1002/JPER.24-0079,Original Article,全身疾病與危險因子; 微生物與宿主生物標記,Journal Article,https://pubmed.ncbi.nlm.nih.gov/38850405/
38742564,2024,Journal of periodontology,Ultrasound-based jawbone surface quality evaluation after alveolar ridge preservation.,10.1002/JPER.23-0370,Original Article,分類與治療指引; 再生與黏膜牙齦手術; 診斷影像與數位工具,Journal Article,https://pubmed.ncbi.nlm.nih.gov/38742564/
38708772,2024,Journal of periodontology,"Inflammation and tissue remodeling mediator expression during gingivitis: A comparison between experimental, naturally occurring gingivitis, and periodontal health.",10.1002/JPER.23-0692,Original Article,微生物與宿主生物標記,Journal Article; Comparative Study,https://pubmed.ncbi.nlm.nih.gov/38708772/
38605536,2024,Journal of periodontology,Patient awareness of the association between periodontal and systemic diseases in an academic setting.,10.1002/JPER.23-0635,Original Article,全身疾病與危險因子,Journal Article,https://pubmed.ncbi.nlm.nih.gov/38605536/
38982971,2024,Journal of periodontology,Excessive weight in pregnant women increases the chance of diagnosing periodontitis combined with tooth loss.,10.1002/JPER.23-0745,Original Article,SPT/SPC 與風險評估; 全身疾病與危險因子,Journal Article; Multicenter Study,https://pubmed.ncbi.nlm.nih.gov/38982971/
38830780,2024,Journal of periodontology,The effect of an antioxidant gel compared to chlorhexidine during the soft tissue healing process: An animal study.,10.1002/JPER.23-0794,Original Article,其他牙周臨床/基礎研究,Journal Article; Comparative Study,https://pubmed.ncbi.nlm.nih.gov/38830780/
38830779,2024,Journal of periodontology,Airflowing as an adjunctive treatment for periodontitis: A randomized controlled trial.,10.1002/JPER.24-0099,Original Article,分類與治療指引; 非手術治療與抗菌輔助; 診斷影像與數位工具,Journal Article; Randomized Controlled Trial; Comparative Study,https://pubmed.ncbi.nlm.nih.gov/38830779/
38808976,2024,Journal of periodontology,"Tunnel technique and subepithelial connective tissue graft, with or without cross-linked hyaluronic acid, in the treatment of multiple gingival recessions: 12-month outcomes of a randomized clinical trial.",10.1002/JPER.24-0093,Original Article,再生與黏膜牙齦手術; 非手術治療與抗菌輔助,Journal Article; Randomized Controlled Trial; Comparative Study,https://pubmed.ncbi.nlm.nih.gov/38808976/
38696461,2024,Journal of periodontology,"Salivary microbiome and MRP-8/14 levels in children with gingivitis, healthy children, and their mothers.",10.1002/JPER.23-0632,Original Article,微生物與宿主生物標記,Journal Article,https://pubmed.ncbi.nlm.nih.gov/38696461/
38488753,2024,Journal of periodontology,Leukemia inhibitory factor protects against experimental periodontitis through immuno-modulations of both macrophages and periodontal ligament fibroblasts.,10.1002/JPER.23-0607,Original Article,非手術治療與抗菌輔助; 微生物與宿主生物標記,Journal Article,https://pubmed.ncbi.nlm.nih.gov/38488753/
38291892,2024,Journal of periodontology,Clinical evaluation of a novel protocol for supportive periodontal care: A randomized controlled clinical trial.,10.1002/JPER.23-0527,Original Article,再生與黏膜牙齦手術; 非手術治療與抗菌輔助; SPT/SPC 與風險評估,Journal Article; Randomized Controlled Trial; Comparative Study,https://pubmed.ncbi.nlm.nih.gov/38291892/
37221674,2024,Journal of periodontology,Balint Orban Memorial Program Abstracts.,10.1002/JPER.23-0287,Original Article,其他牙周臨床/基礎研究,Journal Article,https://pubmed.ncbi.nlm.nih.gov/37221674/
39276106,2024,Journal of periodontology,[Not Available].,10.1002/JPER.24-0190,Original Article,其他牙周臨床/基礎研究,Journal Article,https://pubmed.ncbi.nlm.nih.gov/39276106/
38923568,2024,Journal of periodontology,Preloading peri-implant crestal bone loss: A retrospective study of incidence and related factors.,10.1002/JPER.24-0028,Original Article,植體周圍疾病; 再生與黏膜牙齦手術; 全身疾病與危險因子,Journal Article,https://pubmed.ncbi.nlm.nih.gov/38923568/
38881046,2024,Journal of periodontology,Impact of surface chemical treatment in surgical regenerative treatment of ligature-induced peri-implantitis: A canine study.,10.1002/JPER.23-0634,Original Article,植體周圍疾病; 再生與黏膜牙齦手術,Journal Article; Comparative Study,https://pubmed.ncbi.nlm.nih.gov/38881046/
38865252,2024,Journal of periodontology,Preclinical comparison study of experimental peri-implantitis between alveolar ridge preservation and spontaneous healing sites in infected and noninfected tooth: a randomized blinded in vivo study.,10.1002/JPER.23-0617,Original Article,植體周圍疾病; 再生與黏膜牙齦手術; 診斷影像與數位工具,Journal Article; Comparative Study,https://pubmed.ncbi.nlm.nih.gov/38865252/
38742582,2024,Journal of periodontology,Survival rate of teeth adjacent and nonadjacent to dental implants: A retrospective cohort study.,10.1002/JPER.23-0739,Original Article,SPT/SPC 與風險評估,Journal Article,https://pubmed.ncbi.nlm.nih.gov/38742582/
38728106,2024,Journal of periodontology,Associations between periodontitis and serum anti-malondialdehyde-acetaldehyde antibody concentrations in rheumatoid arthritis: A case-control study.,10.1002/JPER.23-0604,Original Article,全身疾病與危險因子; 微生物與宿主生物標記,Journal Article,https://pubmed.ncbi.nlm.nih.gov/38728106/
38696664,2024,Journal of periodontology,"Effects of minimally invasive non-surgical therapy on C-reactive protein, lipoprotein-associated phospholipase A2, and clinical outcomes in periodontitis patients: A 1-year randomized, controlled clinical trial.",10.1002/JPER.23-0518,Original Article,非手術治療與抗菌輔助; 全身疾病與危險因子,Journal Article; Randomized Controlled Trial; Comparative Study,https://pubmed.ncbi.nlm.nih.gov/38696664/
38563552,2024,Journal of periodontology,Association of periodontitis with gastrointestinal tract disorders: A bidirectional Mendelian randomization study.,10.1002/JPER.23-0560,Original Article,其他牙周臨床/基礎研究,Journal Article,https://pubmed.ncbi.nlm.nih.gov/38563552/
38375939,2024,Journal of periodontology,"Evaluation of the effect of Er,Cr:YSGG laser application on peri-implant crevicular fluid receptor activator of nuclear factor-kappa B ligand and osteoprotegerin levels in the non-surgical treatment of peri-implantitis: A randomized clinical trial.",10.1002/JPER.23-0540,Original Article,植體周圍疾病; 非手術治療與抗菌輔助,Journal Article; Randomized Controlled Trial,https://pubmed.ncbi.nlm.nih.gov/38375939/
38963713,2024,Journal of periodontology,Gingipain and oncostatin M synergistically disrupt kidney tight junctions in periodontitis-associated acute kidney injury.,10.1002/JPER.24-0007,Original Article,微生物與宿主生物標記,Journal Article,https://pubmed.ncbi.nlm.nih.gov/38963713/
38946115,2024,Journal of periodontology,How well do antimicrobial mouth rinses prevent dysbiosis in an in vitro periodontitis biofilm model?,10.1002/JPER.23-0674,Original Article,分類與治療指引; 非手術治療與抗菌輔助; SPT/SPC 與風險評估; 全身疾病與危險因子; 微生物與宿主生物標記,Journal Article,https://pubmed.ncbi.nlm.nih.gov/38946115/
38563593,2024,Journal of periodontology,Evaluation of acceptance and preference of topical lidocaine application versus articaine injection anesthesia after nonsurgical periodontal treatment: A randomized clinical trial.,10.1002/JPER.23-0466,Original Article,非手術治療與抗菌輔助,Journal Article; Randomized Controlled Trial; Comparative Study; Multicenter Study,https://pubmed.ncbi.nlm.nih.gov/38563593/
38197131,2024,Journal of periodontology,Validity of individual self-report oral health measures in assessing periodontitis for causal research applications.,10.1002/JPER.23-0551,Original Article,分類與治療指引,Journal Article; Validation Study,https://pubmed.ncbi.nlm.nih.gov/38197131/
38055628,2024,Journal of periodontology,Melatonin supports nonsurgical periodontal treatment in patients with Type 2 diabetes mellitus and periodontitis: A randomized clinical trial.,10.1002/JPER.23-0335,Original Article,分類與治療指引; 非手術治療與抗菌輔助; 全身疾病與危險因子; 微生物與宿主生物標記,Journal Article; Randomized Controlled Trial; Comparative Study,https://pubmed.ncbi.nlm.nih.gov/38055628/
38041803,2024,Journal of periodontology,Resolution of peri-implant mucositis following standard treatment: A prospective split-mouth study.,10.1002/JPER.23-0507,Original Article,植體周圍疾病; SPT/SPC 與風險評估; 全身疾病與危險因子; 微生物與宿主生物標記,Journal Article,https://pubmed.ncbi.nlm.nih.gov/38041803/
38029354,2024,Journal of periodontology,Assessment of bone defect morphology for the adjunctive use of bone grafting combined with enamel matrix derivative: A 3-year cohort study.,10.1002/JPER.23-0538,Original Article,再生與黏膜牙齦手術; 非手術治療與抗菌輔助; 診斷影像與數位工具,Journal Article,https://pubmed.ncbi.nlm.nih.gov/38029354/
38009257,2024,Journal of periodontology,"Enhanced periodontal tissue healing via vascular endothelial growth factor expression following low-level erbium-doped: yttrium, aluminum, and garnet laser irradiation: In vitro and in vivo studies.",10.1002/JPER.23-0458,Original Article,再生與黏膜牙齦手術,Journal Article,https://pubmed.ncbi.nlm.nih.gov/38009257/
38523602,2024,Journal of periodontology,MyD88 exacerbates inflammation-induced bone loss by modulating dynamic equilibrium between Th17/Treg cells and subgingival microbiota dysbiosis.,10.1002/JPER.23-0561,Original Article,非手術治療與抗菌輔助; 微生物與宿主生物標記,Journal Article,https://pubmed.ncbi.nlm.nih.gov/38523602/
38196330,2024,Journal of periodontology,Periodontists and stem cell-based therapy for alveolar bone regeneration: A national survey.,10.1002/JPER.23-0506,Original Article,再生與黏膜牙齦手術,Journal Article,https://pubmed.ncbi.nlm.nih.gov/38196330/
38071454,2024,Journal of periodontology,"Harvest graft substitute for soft tissue volume augmentation around existing implants: A randomized, controlled and blinded multicenter trial.",10.1002/JPER.23-0305,Original Article,再生與黏膜牙齦手術,Journal Article; Multicenter Study; Randomized Controlled Trial; Comparative Study,https://pubmed.ncbi.nlm.nih.gov/38071454/
37987258,2024,Journal of periodontology,Possible role of annexin A1/FPR2 pathway in COX2/NLRP3 inflammasome regulation in alveolar bone cells of estrogen-deficient female rats with diabetes mellitus.,10.1002/JPER.23-0530,Original Article,全身疾病與危險因子,Journal Article,https://pubmed.ncbi.nlm.nih.gov/37987258/
37986648,2024,Journal of periodontology,"Clinical and radiographic evaluation of the use of PRF, CGF, and autogenous bone in the treatment of periodontal intrabony defects: Treatment of periodontal defect by using autologous products.",10.1002/JPER.23-0481,Original Article,再生與黏膜牙齦手術; 診斷影像與數位工具,Journal Article; Randomized Controlled Trial; Comparative Study,https://pubmed.ncbi.nlm.nih.gov/37986648/
37910482,2024,Journal of periodontology,Suppression of subgingival bacteria by antimicrobial photodynamic therapy using transgingival irradiation: A randomized clinical trial.,10.1002/JPER.23-0328,Original Article,非手術治療與抗菌輔助; SPT/SPC 與風險評估; 微生物與宿主生物標記,Journal Article; Randomized Controlled Trial; Comparative Study,https://pubmed.ncbi.nlm.nih.gov/37910482/
37815812,2024,Journal of periodontology,"The associations of coffee consumption, coffee types, and caffeine metabolites with periodontitis: Results from NHANES 2009-2014.",10.1002/JPER.23-0322,Original Article,其他牙周臨床/基礎研究,Journal Article,https://pubmed.ncbi.nlm.nih.gov/37815812/
37515478,2024,Journal of periodontology,Clinicoradiographic comparative evaluation of 1% melatonin gel plus platelet-rich fibrin over platelet-rich fibrin alone in treatment of Grade II furcation defects: A randomized controlled double-blind clinical trial.,10.1002/JPER.23-0282,Original Article,分類與治療指引; 再生與黏膜牙齦手術; 診斷影像與數位工具,Journal Article; Randomized Controlled Trial; Comparative Study,https://pubmed.ncbi.nlm.nih.gov/37515478/
38884613,2024,Journal of periodontology,Donor site wound healing following free gingival graft surgery using platelet rich fibrin: A randomized controlled trial.,10.1002/JPER.24-0072,Original Article,再生與黏膜牙齦手術,Journal Article; Randomized Controlled Trial; Comparative Study,https://pubmed.ncbi.nlm.nih.gov/38884613/
38708919,2024,Journal of periodontology,Angiogenic potential in periodontal stem cells from upper and lower jaw: A pilot study.,10.1002/JPER.24-0070,Original Article,再生與黏膜牙齦手術,Journal Article,https://pubmed.ncbi.nlm.nih.gov/38708919/
38655661,2024,Journal of periodontology,Effects of intermittent fasting on periodontal inflammation and subgingival microbiota.,10.1002/JPER.23-0676,Original Article,非手術治療與抗菌輔助; 全身疾病與危險因子,Journal Article,https://pubmed.ncbi.nlm.nih.gov/38655661/
38476115,2024,Journal of periodontology,Evaluation of microbiome in primary and permanent dentition in grade C periodontitis in young individuals.,10.1002/JPER.23-0504,Original Article,分類與治療指引; 非手術治療與抗菌輔助; 微生物與宿主生物標記,Journal Article; Comparative Study,https://pubmed.ncbi.nlm.nih.gov/38476115/
38197146,2024,Journal of periodontology,Artificial intelligence in dental education: ChatGPT's performance on the periodontic in-service examination.,10.1002/JPER.23-0514,Original Article,SPT/SPC 與風險評估; 診斷影像與數位工具,Journal Article,https://pubmed.ncbi.nlm.nih.gov/38197146/
38088123,2024,Journal of periodontology,Human gingival fibroblasts are a source of B cell-activating factor during periodontal inflammation.,10.1002/JPER.23-0543,Original Article,再生與黏膜牙齦手術; 微生物與宿主生物標記,Journal Article,https://pubmed.ncbi.nlm.nih.gov/38088123/
37986698,2024,Journal of periodontology,Association between sequelae of COVID-19 with periodontal disease and obesity: A cross-sectional study.,10.1002/JPER.23-0412,Original Article,全身疾病與危險因子; 診斷影像與數位工具,Journal Article,https://pubmed.ncbi.nlm.nih.gov/37986698/
37846761,2024,Journal of periodontology,"A comparison of Er,Cr:YSGG laser to minimally invasive surgical technique in the treatment of intrabony defects: Twelve-month results of a multicenter, randomized, controlled study.",10.1002/JPER.23-0286,Original Article,分類與治療指引; 再生與黏膜牙齦手術; 非手術治療與抗菌輔助; 診斷影像與數位工具,Journal Article; Randomized Controlled Trial; Multicenter Study; Comparative Study,https://pubmed.ncbi.nlm.nih.gov/37846761/
38742572,2024,Journal of periodontology,Peri-implant diseases and systemic inflammation: A preliminary analysis from a cross-sectional survey of patients with hypertension.,10.1002/JPER.21-0338,Original Article,植體周圍疾病; 全身疾病與危險因子,Journal Article; Comparative Study,https://pubmed.ncbi.nlm.nih.gov/38742572/
38501762,2024,Journal of periodontology,Efficacy of photodynamic therapy as an adjunct to scaling and root planing on clinical parameters and microbial composition in subgingival plaque of periodontitis patients: A split-mouth randomized clinical trial.,10.1002/JPER.23-0195,Original Article,非手術治療與抗菌輔助; 微生物與宿主生物標記,Journal Article; Randomized Controlled Trial; Comparative Study,https://pubmed.ncbi.nlm.nih.gov/38501762/
38152036,2024,Journal of periodontology,Impact of dietary inflammatory index on gingival health.,10.1002/JPER.23-0292,Original Article,非手術治療與抗菌輔助; 全身疾病與危險因子; 微生物與宿主生物標記,Journal Article,https://pubmed.ncbi.nlm.nih.gov/38152036/
37987224,2024,Journal of periodontology,Association of environmental polycyclic aromatic hydrocarbons exposure with periodontitis in NHANES 2009-2014: A mixtures approach.,10.1002/JPER.23-0428,Original Article,其他牙周臨床/基礎研究,Journal Article,https://pubmed.ncbi.nlm.nih.gov/37987224/
37910464,2024,Journal of periodontology,Aggressive periodontitis in southwestern American Indian adolescents.,10.1002/JPER.23-0410,Original Article,非手術治療與抗菌輔助; 微生物與宿主生物標記,Journal Article,https://pubmed.ncbi.nlm.nih.gov/37910464/
37846763,2024,Journal of periodontology,"Prevalence, risk indicators, and clinical characteristics of peri-implant mucositis and peri-implantitis for an internal conical connection implant system: A multicenter cross-sectional study.",10.1002/JPER.23-0355,Original Article,植體周圍疾病; SPT/SPC 與風險評估; 全身疾病與危險因子,Journal Article; Multicenter Study,https://pubmed.ncbi.nlm.nih.gov/37846763/
37846733,2024,Journal of periodontology,"Comparative evaluation of semaphorin-4D, peptidylarginine deiminase-2, and matrix metalloproteinase-8 levels of gingival crevicular fluid in periodontally healthy and Stage III periodontitis smoker and non-smoker patients before and after non-surgical periodontal therapy.",10.1002/JPER.23-0324,Original Article,分類與治療指引; 非手術治療與抗菌輔助; 微生物與宿主生物標記; 診斷影像與數位工具,Journal Article; Comparative Study,https://pubmed.ncbi.nlm.nih.gov/37846733/
37793053,2024,Journal of periodontology,Association between missing teeth number and all-cause and cardiovascular mortality: NHANES 1999-2004 and 2009-2014.,10.1002/JPER.23-0277,Original Article,SPT/SPC 與風險評估; 全身疾病與危險因子,Journal Article,https://pubmed.ncbi.nlm.nih.gov/37793053/
38196327,2024,Journal of periodontology,"Risk indicators for gingival recession in the esthetic zone: A cross-sectional clinical, tomographic, and ultrasonographic study.",10.1002/JPER.23-0357,Original Article,再生與黏膜牙齦手術; 診斷影像與數位工具,Journal Article,https://pubmed.ncbi.nlm.nih.gov/38196327/
38112067,2024,Journal of periodontology,Influence of residual pockets on periodontal tooth loss: A retrospective analysis.,10.1002/JPER.23-0448,Original Article,分類與治療指引; SPT/SPC 與風險評估,Journal Article,https://pubmed.ncbi.nlm.nih.gov/38112067/
37986691,2024,Journal of periodontology,Mediating role of systemic inflammation in the association between heavy metals exposure and periodontitis risk.,10.1002/JPER.23-0079,Original Article,全身疾病與危險因子; 微生物與宿主生物標記,Journal Article,https://pubmed.ncbi.nlm.nih.gov/37986691/
37921754,2024,Journal of periodontology,Superoxide dismutase 2 scavenges ROS to promote osteogenic differentiation of human periodontal ligament stem cells by regulating Smad3 in alveolar bone-defective rats.,10.1002/JPER.23-0469,Original Article,再生與黏膜牙齦手術,Journal Article,https://pubmed.ncbi.nlm.nih.gov/37921754/
37885337,2024,Journal of periodontology,"Effects of a stabilized stannous fluoride dentifrice on clinical, immunomodulatory, and microbial outcomes in a human experimental gingivitis model.",10.1002/JPER.22-0710,Original Article,全身疾病與危險因子; 微生物與宿主生物標記,Journal Article; Randomized Controlled Trial; Comparative Study,https://pubmed.ncbi.nlm.nih.gov/37885337/
37843067,2024,Journal of periodontology,Relationship between C-reactive protein level and periodontitis and systemic diseases.,10.1002/JPER.23-0008,Original Article,全身疾病與危險因子,Journal Article,https://pubmed.ncbi.nlm.nih.gov/37843067/
37793052,2024,Journal of periodontology,Association between antihyperlipidemic agents and the risk of chronic periodontitis in patients with hyperlipidemia: A population-based retrospective cohort study in Taiwan.,10.1002/JPER.23-0166,Original Article,其他牙周臨床/基礎研究,Journal Article,https://pubmed.ncbi.nlm.nih.gov/37793052/
37787060,2024,Journal of periodontology,Local application of gingiva-derived mesenchymal stem cells on experimental periodontitis in rats.,10.1002/JPER.23-0246,Original Article,再生與黏膜牙齦手術,Journal Article,https://pubmed.ncbi.nlm.nih.gov/37787060/
38112075,2024,Journal of periodontology,Association of active oxygen-releasing gel and photodynamic therapy in the treatment of residual periodontal pockets in type 2 diabetic patients: A randomized controlled clinical study.,10.1002/JPER.23-0125,Original Article,非手術治療與抗菌輔助; 全身疾病與危險因子; 微生物與宿主生物標記,"Journal Article; Randomized Controlled Trial; Research Support, Non-U.S. Gov't; Comparative Study",https://pubmed.ncbi.nlm.nih.gov/38112075/
37794683,2024,Journal of periodontology,The effect of a multicomponent oral care regimen on gingival inflammation: A randomized controlled clinical trial.,10.1002/JPER.23-0361,Original Article,其他牙周臨床/基礎研究,"Journal Article; Randomized Controlled Trial; Research Support, Non-U.S. Gov't; Comparative Study",https://pubmed.ncbi.nlm.nih.gov/37794683/
37789641,2024,Journal of periodontology,Comparative transcriptome analysis of periodontitis and peri-implantitis in human subjects.,10.1002/JPER.23-0289,Original Article,植體周圍疾病,"Journal Article; Comparative Study; Research Support, Non-U.S. Gov't",https://pubmed.ncbi.nlm.nih.gov/37789641/
37724702,2024,Journal of periodontology,An in vitro dynamic bioreactor model for evaluating antimicrobial effectiveness on periodontal polymicrobial biofilms: a proof-of-concept study.,10.1002/JPER.23-0086,Original Article,非手術治療與抗菌輔助; 微生物與宿主生物標記,"Journal Article; Research Support, Non-U.S. Gov't",https://pubmed.ncbi.nlm.nih.gov/37724702/
37713193,2024,Journal of periodontology,J-shaped association between systemic immune-inflammation index and periodontitis: Results from NHANES 2009-2014.,10.1002/JPER.23-0260,Original Article,分類與治療指引; 非手術治療與抗菌輔助; 全身疾病與危險因子,"Journal Article; Research Support, Non-U.S. Gov't",https://pubmed.ncbi.nlm.nih.gov/37713193/
37531239,2024,Journal of periodontology,Alveolar mucosal cell spheroids promote extraction socket healing and osseous defect regeneration.,10.1002/JPER.23-0283,Original Article,再生與黏膜牙齦手術,"Journal Article; Research Support, Non-U.S. Gov't",https://pubmed.ncbi.nlm.nih.gov/37531239/
37483128,2024,Journal of periodontology,Evidence linking the association of periodontal viruses and pentraxins in periodontitis patients with coronary artery disease.,10.1002/JPER.23-0096,Original Article,再生與黏膜牙齦手術; 非手術治療與抗菌輔助; 全身疾病與危險因子; 微生物與宿主生物標記,"Journal Article; Research Support, Non-U.S. Gov't",https://pubmed.ncbi.nlm.nih.gov/37483128/
37932872,2024,Journal of periodontology,Extracellular adenosine triphosphate regulates inflammatory responses of periodontal ligament cells.,10.1002/JPER.23-0389,Original Article,再生與黏膜牙齦手術,Journal Article,https://pubmed.ncbi.nlm.nih.gov/37932872/
37851637,2024,Journal of periodontology,"Salivary inflammatory burden in pre- and postmenopausal women: Associations with body mass index, patient-reported health, serum cytokines, and periodontal parameters.",10.1002/JPER.23-0124,Original Article,全身疾病與危險因子; 微生物與宿主生物標記,Journal Article,https://pubmed.ncbi.nlm.nih.gov/37851637/
37665015,2024,Journal of periodontology,Impact of surface characteristics on the peri-implant microbiome in health and disease.,10.1002/JPER.23-0205,Original Article,植體周圍疾病; 全身疾病與危險因子; 微生物與宿主生物標記,Journal Article,https://pubmed.ncbi.nlm.nih.gov/37665015/
37515595,2024,Journal of periodontology,Influences of standardized clinical probing on peri-implant soft tissue seal in a situation of peri-implant mucositis: A histomorphometric study in dogs.,10.1002/JPER.23-0167,Original Article,植體周圍疾病; 微生物與宿主生物標記,Journal Article,https://pubmed.ncbi.nlm.nih.gov/37515595/
37515488,2024,Journal of periodontology,Temporal and spatial effects on C-reactive protein's regulation of inducible nitric oxide synthase production in periodontal disease.,10.1002/JPER.22-0529,Original Article,其他牙周臨床/基礎研究,Journal Article,https://pubmed.ncbi.nlm.nih.gov/37515488/
37505475,2024,Journal of periodontology,Sex differences in the association between dual-energy x-ray absorptiometry-measured body composition and periodontitis.,10.1002/JPER.23-0162,Original Article,全身疾病與危險因子; 微生物與宿主生物標記,Journal Article,https://pubmed.ncbi.nlm.nih.gov/37505475/
37492992,2024,Journal of periodontology,Activation of periodontal ligament cell cytodifferentiation by juxtacrine signaling from cementoblasts.,10.1002/JPER.23-0211,Original Article,再生與黏膜牙齦手術,Journal Article,https://pubmed.ncbi.nlm.nih.gov/37492992/
37480196,2024,Journal of periodontology,"Association of salivary levels of DNA sensing inflammasomes AIM2, IFI16, and cytokine IL18 with periodontitis and diabetes.",10.1002/JPER.23-0184,Original Article,全身疾病與危險因子; 微生物與宿主生物標記,"Journal Article; Research Support, Non-U.S. Gov't",https://pubmed.ncbi.nlm.nih.gov/37480196/
37477025,2024,Journal of periodontology,Multiplicative effect of stress and poor sleep quality on periodontitis: A university-based cross-sectional study.,10.1002/JPER.23-0209,Original Article,分類與治療指引,Journal Article,https://pubmed.ncbi.nlm.nih.gov/37477025/
37475476,2024,Journal of periodontology,Bioactive glass and arginine dentifrices reduce root sensitivity during daily activities following non-surgical periodontal therapy: A randomized controlled trial.,10.1002/JPER.23-0197,Original Article,非手術治療與抗菌輔助,Randomized Controlled Trial; Journal Article,https://pubmed.ncbi.nlm.nih.gov/37475476/
37469140,2024,Journal of periodontology,Association between periodontitis and mortality of patients with cardiovascular diseases: A cohort study based on NHANES.,10.1002/JPER.23-0276,Original Article,全身疾病與危險因子,"Journal Article; Research Support, Non-U.S. Gov't",https://pubmed.ncbi.nlm.nih.gov/37469140/
37469002,2024,Journal of periodontology,Patients with inflammatory bowel disease have more oral health problems and higher costs of professional dental care than healthy controls: The Periodontitis Prevalence in ulcerative Colitis and Crohn disease (PPCC) case-control study.,10.1002/JPER.23-0325,Original Article,其他牙周臨床/基礎研究,"Journal Article; Research Support, Non-U.S. Gov't",https://pubmed.ncbi.nlm.nih.gov/37469002/
37439597,2024,Journal of periodontology,Effect of a multinutrient supplement as an adjunct to nonsurgical treatment of periodontitis: A randomized placebo-controlled clinical trial.,10.1002/JPER.23-0115,Original Article,分類與治療指引; 再生與黏膜牙齦手術; 非手術治療與抗菌輔助,"Randomized Controlled Trial; Journal Article; Research Support, Non-U.S. Gov't",https://pubmed.ncbi.nlm.nih.gov/37439597/
37436700,2024,Journal of periodontology,Periodontal ligament-associated protein-1 promotes osteoclastogenesis in mice by modulating TGF-β1/Smad1 pathway.,10.1002/JPER.23-0112,Original Article,其他牙周臨床/基礎研究,"Journal Article; Research Support, Non-U.S. Gov't",https://pubmed.ncbi.nlm.nih.gov/37436700/
36566456,2024,Journal of periodontology,Research Forum Poster Session and Competition: Finalists and posters.,10.1002/JPER.22-0596,Original Article,其他牙周臨床/基礎研究,Journal Article,https://pubmed.ncbi.nlm.nih.gov/36566456/
37452709,2024,Journal of periodontology,Association between clusters of antibodies against periodontal microorganisms and Alzheimer disease mortality: Evidence from a nationally representative survey in the USA.,10.1002/JPER.23-0006,Original Article,其他牙周臨床/基礎研究,"Journal Article; Research Support, N.I.H., Extramural",https://pubmed.ncbi.nlm.nih.gov/37452709/
37436722,2024,Journal of periodontology,Study on the effect of protein lysine lactylation modification in macrophages on inhibiting periodontitis in rats.,10.1002/JPER.23-0241,Original Article,其他牙周臨床/基礎研究,"Journal Article; Research Support, Non-U.S. Gov't",https://pubmed.ncbi.nlm.nih.gov/37436722/
37436716,2024,Journal of periodontology,Upper lip characteristics and associated excessive gingival display etiologies in adults: Race and sex differences.,10.1002/JPER.23-0291,Original Article,其他牙周臨床/基礎研究,"Journal Article; Research Support, Non-U.S. Gov't",https://pubmed.ncbi.nlm.nih.gov/37436716/
37436713,2024,Journal of periodontology,Evaluation of the role of mitofusin-1 and mitofusin-2 in periodontal disease.,10.1002/JPER.23-0072,Original Article,分類與治療指引,"Journal Article; Research Support, Non-U.S. Gov't",https://pubmed.ncbi.nlm.nih.gov/37436713/
37436705,2024,Journal of periodontology,The effect of smoking on clinical and biochemical early healing outcomes of coronally advanced flap with connective tissue graft: Prospective cohort study.,10.1002/JPER.23-0214,Original Article,再生與黏膜牙齦手術; 全身疾病與危險因子; 微生物與宿主生物標記,"Journal Article; Research Support, Non-U.S. Gov't",https://pubmed.ncbi.nlm.nih.gov/37436705/
37436696,2024,Journal of periodontology,Probing pocket depth reduction after non-surgical periodontal therapy: Tooth-related factors.,10.1002/JPER.23-0285,Original Article,再生與黏膜牙齦手術; 非手術治療與抗菌輔助; SPT/SPC 與風險評估,Journal Article,https://pubmed.ncbi.nlm.nih.gov/37436696/
37436695,2024,Journal of periodontology,Influence of the level of compliance with preventive maintenance therapy upon the prevalence of peri-implant diseases.,10.1002/JPER.23-0048,Original Article,植體周圍疾病; SPT/SPC 與風險評估; 診斷影像與數位工具,"Journal Article; Research Support, Non-U.S. Gov't",https://pubmed.ncbi.nlm.nih.gov/37436695/
37287337,2024,Journal of periodontology,Subgingival scaling and root planing during minimally invasive periodontal surgery: A randomized controlled split-mouth trial.,10.1002/JPER.23-0198,Original Article,非手術治療與抗菌輔助; 診斷影像與數位工具,"Randomized Controlled Trial; Journal Article; Research Support, Non-U.S. Gov't",https://pubmed.ncbi.nlm.nih.gov/37287337/
36524537,2024,Journal of periodontology,Research Forum Poster Session and Competition: Winners.,10.1002/JPER.22-0595,Original Article,其他牙周臨床/基礎研究,Journal Article,https://pubmed.ncbi.nlm.nih.gov/36524537/
37436693,2023,Journal of periodontology,"Analysis of risk factors for early crestal bone loss in osseointegrated, submerged implants prior to restoration.",10.1002/JPER.23-0161,Original Article,分類與治療指引; 植體周圍疾病; 再生與黏膜牙齦手術; SPT/SPC 與風險評估; 全身疾病與危險因子; 診斷影像與數位工具,Journal Article,https://pubmed.ncbi.nlm.nih.gov/37436693/
37433175,2023,Journal of periodontology,Parkinson's disease is positively associated with periodontal inflammation.,10.1002/JPER.23-0274,Original Article,分類與治療指引; 全身疾病與危險因子; 微生物與宿主生物標記,"Journal Article; Research Support, N.I.H., Extramural",https://pubmed.ncbi.nlm.nih.gov/37433175/
37433155,2023,Journal of periodontology,Impact of N-terminal pro-B-type natriuretic peptide and related inflammatory biomarkers on periodontal treatment outcomes in patients with periodontitis: An explorative human randomized-controlled clinical trial.,10.1002/JPER.23-0063,Original Article,分類與治療指引; 非手術治療與抗菌輔助; 全身疾病與危險因子; 微生物與宿主生物標記,"Randomized Controlled Trial; Journal Article; Research Support, Non-U.S. Gov't",https://pubmed.ncbi.nlm.nih.gov/37433155/
37432945,2023,Journal of periodontology,Prenyltransferase gene expression reveals an essential role of prenylation for the inflammatory response in human gingival fibroblasts.,10.1002/JPER.23-0220,Original Article,再生與黏膜牙齦手術; 微生物與宿主生物標記,"Journal Article; Research Support, Non-U.S. Gov't",https://pubmed.ncbi.nlm.nih.gov/37432945/
37326008,2023,Journal of periodontology,Oral health-related quality of life among women early postpartum: A cross-sectional study.,10.1002/JPER.23-0236,Original Article,其他牙周臨床/基礎研究,"Journal Article; Research Support, Non-U.S. Gov't",https://pubmed.ncbi.nlm.nih.gov/37326008/
37322858,2023,Journal of periodontology,"Reliability assessment of the 2018 classification case definitions of peri-implant health, peri-implant mucositis, and peri-implantitis.",10.1002/JPER.23-0129,Original Article,分類與治療指引; 植體周圍疾病; 診斷影像與數位工具,Journal Article,https://pubmed.ncbi.nlm.nih.gov/37322858/
37133980,2023,Journal of periodontology,Stem-cell based soft tissue substitutes: Engineering of crosslinked polylysine-hyaluronic acid microspheres ladened with gingival mesenchymal stem cells for collagen tissue regeneration and angiogenesis.,10.1002/JPER.22-0747,Original Article,再生與黏膜牙齦手術,"Journal Article; Research Support, Non-U.S. Gov't",https://pubmed.ncbi.nlm.nih.gov/37133980/
37032496,2023,Journal of periodontology,A randomized controlled trial evaluating the effect of epithelial removal on free soft tissue autograft healing.,10.1002/JPER.23-0022,Original Article,再生與黏膜牙齦手術,Randomized Controlled Trial; Journal Article,https://pubmed.ncbi.nlm.nih.gov/37032496/
37382343,2023,Journal of periodontology,"Polymorphism in epigenetic regulating genes in relation to periodontitis, number of teeth, and levels of high-sensitivity C-reactive protein and glycated hemoglobin: The Tromsø Study 2015-2016.",10.1002/JPER.23-0108,Original Article,分類與治療指引; SPT/SPC 與風險評估; 全身疾病與危險因子; 微生物與宿主生物標記,"Journal Article; Research Support, Non-U.S. Gov't",https://pubmed.ncbi.nlm.nih.gov/37382343/
37332260,2023,Journal of periodontology,Altered expression of MZB1 in periodontitis: A possible link to disease pathogenesis.,10.1002/JPER.23-0224,Original Article,微生物與宿主生物標記,"Journal Article; Research Support, Non-U.S. Gov't",https://pubmed.ncbi.nlm.nih.gov/37332260/
37332251,2023,Journal of periodontology,Non-invasive assessment of peri-implant mucosal thickness: A cross-sectional study.,10.1002/JPER.23-0102,Original Article,植體周圍疾病; 診斷影像與數位工具,Journal Article,https://pubmed.ncbi.nlm.nih.gov/37332251/
37322861,2023,Journal of periodontology,Differential effects of resolvin D1 and resolvin E1 on cementoblast function.,10.1002/JPER.22-0510,Original Article,再生與黏膜牙齦手術; 微生物與宿主生物標記,"Journal Article; Research Support, Non-U.S. Gov't",https://pubmed.ncbi.nlm.nih.gov/37322861/
37254939,2023,Journal of periodontology,Antibiotic resistance genes in the subgingival microbiome and implications for periodontitis therapy.,10.1002/JPER.22-0696,Original Article,非手術治療與抗菌輔助; 微生物與宿主生物標記,"Journal Article; Research Support, Non-U.S. Gov't",https://pubmed.ncbi.nlm.nih.gov/37254939/
37133977,2023,Journal of periodontology,"Living cellular constructs for keratinized tissue augmentation: A 13-year follow-up from a split-mouth randomized, controlled, clinical trial.",10.1002/JPER.23-0040,Original Article,再生與黏膜牙齦手術,"Randomized Controlled Trial; Journal Article; Research Support, Non-U.S. Gov't",https://pubmed.ncbi.nlm.nih.gov/37133977/
37086023,2023,Journal of periodontology,Regulatory B cells induced by interleukin-35 inhibit inflammation and alveolar bone resorption in ligature-induced periodontitis.,10.1002/JPER.23-0038,Original Article,全身疾病與危險因子; 微生物與宿主生物標記,"Journal Article; Research Support, Non-U.S. Gov't",https://pubmed.ncbi.nlm.nih.gov/37086023/
37057371,2023,Journal of periodontology,Effects of probiotics in rats with experimental metabolic syndrome and periodontitis: An investigation of the intestine-adipose tissue axis.,10.1002/JPER.22-0721,Original Article,全身疾病與危險因子,"Journal Article; Research Support, Non-U.S. Gov't",https://pubmed.ncbi.nlm.nih.gov/37057371/
37021727,2023,Journal of periodontology,Bestatin as a treatment modality in experimental periodontitis.,10.1002/JPER.22-0614,Original Article,非手術治療與抗菌輔助; 全身疾病與危險因子; 微生物與宿主生物標記,"Journal Article; Research Support, Non-U.S. Gov't",https://pubmed.ncbi.nlm.nih.gov/37021727/
37310101,2023,Journal of periodontology,Periodontitis in individuals with few remaining teeth and a high gingival bleeding index increases the probability of dyslipidemia.,10.1002/JPER.23-0091,Original Article,分類與治療指引; 診斷影像與數位工具,"Journal Article; Research Support, Non-U.S. Gov't",https://pubmed.ncbi.nlm.nih.gov/37310101/
37133975,2023,Journal of periodontology,Patients with type 2 diabetes and severe periodontitis harbor a less pathogenic subgingival biofilm than normoglycemic individuals with severe periodontitis.,10.1002/JPER.22-0657,Original Article,非手術治療與抗菌輔助; 全身疾病與危險因子; 微生物與宿主生物標記,"Journal Article; Research Support, Non-U.S. Gov't",https://pubmed.ncbi.nlm.nih.gov/37133975/
37133974,2023,Journal of periodontology,Assessing the surveillance use of 2018 EFP/AAP classification of periodontitis: A validation study and clustering analysis.,10.1002/JPER.23-0088,Original Article,分類與治療指引,"Journal Article; Research Support, Non-U.S. Gov't",https://pubmed.ncbi.nlm.nih.gov/37133974/
37074222,2023,Journal of periodontology,The association of work physical activity and recreational physical activity with periodontitis in the NHANES (2009-2014).,10.1002/JPER.23-0070,Original Article,全身疾病與危險因子,"Journal Article; Research Support, Non-U.S. Gov't",https://pubmed.ncbi.nlm.nih.gov/37074222/
37063053,2023,Journal of periodontology,Identifying predictors of tooth loss using a rule-based machine learning approach: A retrospective study at university-setting clinics.,10.1002/JPER.23-0030,Original Article,SPT/SPC 與風險評估; 全身疾病與危險因子; 診斷影像與數位工具,"Journal Article; Research Support, U.S. Gov't, Non-P.H.S.; Research Support, N.I.H., Extramural; Research Support, Non-U.S. Gov't",https://pubmed.ncbi.nlm.nih.gov/37063053/
37061751,2023,Journal of periodontology,"Characteristics, level of evidence, and impact of clinical studies on peri-implantitis: 2017 to 2021.",10.1002/JPER.23-0093,Original Article,植體周圍疾病,Journal Article,https://pubmed.ncbi.nlm.nih.gov/37061751/
37036093,2023,Journal of periodontology,Multiple coronally advanced flap with a selective use of connective tissue graft: A 3-year prospective clinical and histological study.,10.1002/JPER.22-0632,Original Article,再生與黏膜牙齦手術,Journal Article,https://pubmed.ncbi.nlm.nih.gov/37036093/
37015852,2023,Journal of periodontology,Er:YAG laser-assisted comprehensive periodontal pocket therapy for residual periodontal pocket treatment: A randomized controlled clinical trial.,10.1002/JPER.22-0552,Original Article,再生與黏膜牙齦手術; 非手術治療與抗菌輔助,"Randomized Controlled Trial; Journal Article; Research Support, Non-U.S. Gov't",https://pubmed.ncbi.nlm.nih.gov/37015852/
37010261,2023,Journal of periodontology,Long-term stability of regenerative periodontal surgery and orthodontic tooth movement in stage IV periodontitis: 10-year data of a retrospective study.,10.1002/JPER.23-0081,Original Article,分類與治療指引; 再生與黏膜牙齦手術; SPT/SPC 與風險評估; 診斷影像與數位工具,"Journal Article; Research Support, Non-U.S. Gov't",https://pubmed.ncbi.nlm.nih.gov/37010261/
37006132,2023,Journal of periodontology,"Gingival crevicular fluid periodontal ligament-associated protein-1, sclerostin, and tumor necrosis factor-alpha levels in periodontitis.",10.1002/JPER.22-0750,Original Article,分類與治療指引; 微生物與宿主生物標記,"Comparative Study; Journal Article; Research Support, Non-U.S. Gov't",https://pubmed.ncbi.nlm.nih.gov/37006132/
37470759,2023,Journal of periodontology,AAP President's Address.,10.1002/JPER.23-0423,Other,其他牙周臨床/基礎研究,Address,https://pubmed.ncbi.nlm.nih.gov/37470759/
37191955,2023,Journal of periodontology,Effect of scaling and root planing with and without minocycline HCl microspheres on periodontal pathogens and clinical outcomes: A randomized clinical trial.,10.1002/JPER.23-0002,Original Article,分類與治療指引; 非手術治療與抗菌輔助; SPT/SPC 與風險評估; 微生物與宿主生物標記,"Randomized Controlled Trial; Journal Article; Research Support, N.I.H., Extramural; Research Support, Non-U.S. Gov't",https://pubmed.ncbi.nlm.nih.gov/37191955/
37070363,2023,Journal of periodontology,Assessment of titanium release following non-surgical peri-implantitis treatment: A randomized clinical trial.,10.1002/JPER.22-0716,Original Article,植體周圍疾病; 非手術治療與抗菌輔助,"Randomized Controlled Trial; Journal Article; Research Support, N.I.H., Extramural; Research Support, Non-U.S. Gov't",https://pubmed.ncbi.nlm.nih.gov/37070363/
37070225,2023,Journal of periodontology,Prognostic value of a composite outcome measure for periodontal stability following periodontal regenerative treatment: A retrospective analysis at 4 years.,10.1002/JPER.22-0645,Original Article,SPT/SPC 與風險評估,"Journal Article; Research Support, Non-U.S. Gov't",https://pubmed.ncbi.nlm.nih.gov/37070225/
37051740,2023,Journal of periodontology,Adjunctive effects of photodynamic therapy using indocyanine green in residual pockets during periodontal maintenance therapy: A split-mouth randomized controlled trial.,10.1002/JPER.22-0672,Original Article,非手術治療與抗菌輔助; SPT/SPC 與風險評估; 微生物與宿主生物標記,"Randomized Controlled Trial; Journal Article; Research Support, Non-U.S. Gov't",https://pubmed.ncbi.nlm.nih.gov/37051740/
37032448,2023,Journal of periodontology,Identification of immunological bioprocesses involved in peri-implantitis using weighted gene co-expression network analysis.,10.1002/JPER.22-0405,Original Article,植體周圍疾病,"Journal Article; Research Support, Non-U.S. Gov't",https://pubmed.ncbi.nlm.nih.gov/37032448/
37016272,2023,Journal of periodontology,A randomized double-blind clinical trial evaluating comparative plaque and gingival health associated with commercially available stannous fluoride-containing dentifrices as compared to a sodium fluoride control dentifrice.,10.1002/JPER.22-0675,Original Article,其他牙周臨床/基礎研究,"Randomized Controlled Trial; Journal Article; Research Support, N.I.H., Extramural; Research Support, U.S. Gov't, Non-P.H.S.; Research Support, Non-U.S. Gov't",https://pubmed.ncbi.nlm.nih.gov/37016272/
36960491,2023,Journal of periodontology,Longitudinal changes in subgingival biofilm composition following periodontal treatment.,10.1002/JPER.22-0749,Original Article,非手術治療與抗菌輔助; 微生物與宿主生物標記,"Randomized Controlled Trial; Journal Article; Research Support, N.I.H., Extramural; Research Support, Non-U.S. Gov't",https://pubmed.ncbi.nlm.nih.gov/36960491/
36919529,2023,Journal of periodontology,Association between plasma trans fatty acids and chronic periodontitis: Results from a nationally representative cross-sectional survey.,10.1002/JPER.22-0654,Original Article,其他牙周臨床/基礎研究,"Journal Article; Research Support, Non-U.S. Gov't",https://pubmed.ncbi.nlm.nih.gov/36919529/
36861468,2023,Journal of periodontology,"Utilization of a periodontal endoscope in nonsurgical periodontal therapy: A randomized, split-mouth clinical trial.",10.1002/JPER.22-0081,Original Article,分類與治療指引; 非手術治療與抗菌輔助,Randomized Controlled Trial; Journal Article,https://pubmed.ncbi.nlm.nih.gov/36861468/
36853808,2023,Journal of periodontology,"Sex effects on gingival transcriptomic patterns during initiation, progression, and resolution of periodontitis.",10.1002/JPER.23-0042,Original Article,微生物與宿主生物標記,"Journal Article; Research Support, N.I.H., Extramural",https://pubmed.ncbi.nlm.nih.gov/36853808/
36800257,2023,Journal of periodontology,Keratinized mucosa width assessment at implant sites using high-frequency ultrasonography.,10.1002/JPER.23-0014,Original Article,植體周圍疾病,"Journal Article; Research Support, Non-U.S. Gov't",https://pubmed.ncbi.nlm.nih.gov/36800257/
36799425,2023,Journal of periodontology,Progression of experimental peri-implantitis in guided bone regeneration and pristine bone: A preclinical in vivo study.,10.1002/JPER.22-0586,Original Article,植體周圍疾病; 再生與黏膜牙齦手術; 診斷影像與數位工具,"Journal Article; Research Support, Non-U.S. Gov't",https://pubmed.ncbi.nlm.nih.gov/36799425/
36799353,2023,Journal of periodontology,Is clustering accounted for in studies published in periodontology and oral implantology specialty journals?,10.1002/JPER.22-0653,Original Article,其他牙周臨床/基礎研究,Journal Article,https://pubmed.ncbi.nlm.nih.gov/36799353/
36797817,2023,Journal of periodontology,Relationship between supracrestal soft tissue dimensions and other periodontal phenotypic features: A cross-sectional study.,10.1002/JPER.22-0434,Original Article,其他牙周臨床/基礎研究,Journal Article,https://pubmed.ncbi.nlm.nih.gov/36797817/
36748281,2023,Journal of periodontology,Risk factors and longitudinal regenerative outcomes of sinus membrane perforation during lateral window sinus floor elevation: A retrospective analysis up to 9 years.,10.1002/JPER.22-0424,Original Article,再生與黏膜牙齦手術; 全身疾病與危險因子; 診斷影像與數位工具,"Journal Article; Research Support, Non-U.S. Gov't",https://pubmed.ncbi.nlm.nih.gov/36748281/
36738270,2023,Journal of periodontology,Association of selective serotonin reuptake inhibitor use with marginal bone level changes around osseointegrated dental implants: A retrospective study.,10.1002/JPER.22-0690,Original Article,植體周圍疾病; 全身疾病與危險因子; 診斷影像與數位工具,Journal Article,https://pubmed.ncbi.nlm.nih.gov/36738270/
36715211,2023,Journal of periodontology,B-cell cytokine responses to Porphyromonas gingivalis in patients with periodontitis and healthy controls.,10.1002/JPER.22-0438,Original Article,分類與治療指引; 微生物與宿主生物標記,"Journal Article; Research Support, Non-U.S. Gov't",https://pubmed.ncbi.nlm.nih.gov/36715211/
36688675,2023,Journal of periodontology,Relationship between circulating senescence-associated secretory phenotype levels and severity of type 2 diabetes-associated periodontitis: A cross-sectional study.,10.1002/JPER.22-0445,Original Article,全身疾病與危險因子; 微生物與宿主生物標記,"Journal Article; Research Support, Non-U.S. Gov't",https://pubmed.ncbi.nlm.nih.gov/36688675/
37221663,2023,Journal of periodontology,SUNSTAR Innovation Abstracts.,10.1002/JPER.23-0318,Original Article,其他牙周臨床/基礎研究,Journal Article,https://pubmed.ncbi.nlm.nih.gov/37221663/
36799307,2023,Journal of periodontology,Effect of interproximal home oral hygiene on clinical parameters and inflammatory biomarkers in patients receiving periodontal maintenance.,10.1002/JPER.22-0631,Original Article,分類與治療指引; SPT/SPC 與風險評估; 微生物與宿主生物標記,"Randomized Controlled Trial; Journal Article; Research Support, Non-U.S. Gov't",https://pubmed.ncbi.nlm.nih.gov/36799307/
36716169,2023,Journal of periodontology,Silibinin alleviates inflammation-induced bone loss by modulating biological interaction between human gingival fibroblasts and monocytes.,10.1002/JPER.22-0535,Original Article,再生與黏膜牙齦手術; 微生物與宿主生物標記,"Journal Article; Research Support, Non-U.S. Gov't",https://pubmed.ncbi.nlm.nih.gov/36716169/
36704931,2023,Journal of periodontology,Application of highly ozonated sunflower oil does not improve palatal wound healing: A randomized controlled clinical trial.,10.1002/JPER.22-0693,Original Article,再生與黏膜牙齦手術,Randomized Controlled Trial; Journal Article,https://pubmed.ncbi.nlm.nih.gov/36704931/
36648006,2023,Journal of periodontology,"Clinical, histological, immunohistochemical, and biomolecular analysis of hyaluronic acid in early wound healing of human gingival tissues: A randomized, split-mouth trial.",10.1002/JPER.22-0338,Original Article,微生物與宿主生物標記,"Randomized Controlled Trial; Journal Article; Research Support, Non-U.S. Gov't",https://pubmed.ncbi.nlm.nih.gov/36648006/
36645176,2023,Journal of periodontology,Salivary cytokine expression after non-surgical periodontal therapy in smokers: 12-month follow-up.,10.1002/JPER.22-0556,Original Article,非手術治療與抗菌輔助; SPT/SPC 與風險評估; 全身疾病與危險因子; 微生物與宿主生物標記,"Journal Article; Research Support, Non-U.S. Gov't",https://pubmed.ncbi.nlm.nih.gov/36645176/
36601897,2023,Journal of periodontology,Salivary macrophage activation-related chemokines and mitogen-activated kinase kinase-degrading proteolytic activity in type 1 diabetes mellitus.,10.1002/JPER.22-0314,Original Article,全身疾病與危險因子; 微生物與宿主生物標記,"Journal Article; Research Support, Non-U.S. Gov't",https://pubmed.ncbi.nlm.nih.gov/36601897/
36585920,2023,Journal of periodontology,Impact of peri-implantitis on the proteome biology of crevicular fluid: A pilot study.,10.1002/JPER.22-0461,Original Article,植體周圍疾病; 非手術治療與抗菌輔助; 微生物與宿主生物標記,"Journal Article; Research Support, Non-U.S. Gov't",https://pubmed.ncbi.nlm.nih.gov/36585920/
36547974,2023,Journal of periodontology,Comparative analysis of proliferative and multilineage differentiation potential of human periodontal ligament stem cells from maxillary and mandibular molars.,10.1002/JPER.22-0706,Original Article,再生與黏膜牙齦手術,"Journal Article; Research Support, Non-U.S. Gov't",https://pubmed.ncbi.nlm.nih.gov/36547974/
36370032,2023,Journal of periodontology,Pattern of grade C molar-incisor pattern periodontitis in families.,10.1002/JPER.22-0317,Original Article,分類與治療指引,"Journal Article; Research Support, N.I.H., Extramural",https://pubmed.ncbi.nlm.nih.gov/36370032/
36740787,2023,Journal of periodontology,Dental implant prognostication: A commentary.,10.1002/JPER.22-0196,Review,SPT/SPC 與風險評估,"Review; Journal Article; Research Support, Non-U.S. Gov't",https://pubmed.ncbi.nlm.nih.gov/36740787/
36700464,2023,Journal of periodontology,Risk factors of severe periodontitis in kidney transplant recipients: A case-control study.,10.1002/JPER.22-0351,Original Article,全身疾病與危險因子,Journal Article,https://pubmed.ncbi.nlm.nih.gov/36700464/
36636760,2023,Journal of periodontology,Multiple gingival recessions associated with non-carious cervical lesions treated by partial restoration and modified coronally advanced flap with either connective tissue graft or xenogeneic acellular dermal matrix: A randomized clinical trial.,10.1002/JPER.22-0516,Original Article,再生與黏膜牙齦手術,"Journal Article; Randomized Controlled Trial; Research Support, Non-U.S. Gov't",https://pubmed.ncbi.nlm.nih.gov/36636760/
36627509,2023,Journal of periodontology,Modified free gingival graft technique for treatment of gingival recession defects at mandibular incisors: A randomized clinical trial.,10.1002/JPER.22-0581,Original Article,再生與黏膜牙齦手術,Randomized Controlled Trial; Journal Article,https://pubmed.ncbi.nlm.nih.gov/36627509/
36576085,2023,Journal of periodontology,Interproximal implant thread exposure after initial bone remodeling as a risk indicator for peri-implantitis.,10.1002/JPER.22-0499,Original Article,植體周圍疾病; 全身疾病與危險因子; 診斷影像與數位工具,Journal Article,https://pubmed.ncbi.nlm.nih.gov/36576085/
36566362,2023,Journal of periodontology,Association between depressive mood and chronic periodontitis among senior residents using the National Health Insurance Service-Senior Cohort Database.,10.1002/JPER.22-0460,Original Article,全身疾病與危險因子; 微生物與宿主生物標記; 診斷影像與數位工具,"Journal Article; Research Support, Non-U.S. Gov't",https://pubmed.ncbi.nlm.nih.gov/36566362/
36542391,2023,Journal of periodontology,"Influence of Lactobacillus reuteri, Bifidobacterium animalis subsp. lactis, and prebiotic inulin on dysbiotic dental biofilm composition ex vivo.",10.1002/JPER.22-0505,Original Article,非手術治療與抗菌輔助; SPT/SPC 與風險評估; 微生物與宿主生物標記,"Journal Article; Research Support, U.S. Gov't, Non-P.H.S.; Research Support, Non-U.S. Gov't",https://pubmed.ncbi.nlm.nih.gov/36542391/
36542371,2023,Journal of periodontology,Comparative analysis of sulfiredoxin and total oxidative stress levels in diabetic individuals with periodontitis: A case-control study.,10.1002/JPER.22-0416,Original Article,分類與治療指引; 全身疾病與危險因子,Journal Article,https://pubmed.ncbi.nlm.nih.gov/36542371/
36433673,2023,Journal of periodontology,Association between total body bone mineral density and periodontitis: A Mendelian randomization study.,10.1002/JPER.22-0249,Original Article,其他牙周臨床/基礎研究,Journal Article,https://pubmed.ncbi.nlm.nih.gov/36433673/
36680314,2023,Journal of periodontology,Molecular characteristics of periodontal health: Collagens: Defining the healthy human gingival collagen transcriptome: Defining the healthy human gingival collagen transcriptome.,10.1002/JPER.22-0415,Original Article,再生與黏膜牙齦手術,Journal Article,https://pubmed.ncbi.nlm.nih.gov/36680314/
36632652,2023,Journal of periodontology,Effect of interleukin-17 on periodontitis development: An instrumental variable analysis.,10.1002/JPER.22-0365,Original Article,其他牙周臨床/基礎研究,Journal Article,https://pubmed.ncbi.nlm.nih.gov/36632652/
36582071,2023,Journal of periodontology,Comparative histological evaluation of intra- and extraorally de-epithelialized connective tissue graft samples harvested from the posterior palate region.,10.1002/JPER.22-0493,Original Article,植體周圍疾病; 再生與黏膜牙齦手術,Journal Article,https://pubmed.ncbi.nlm.nih.gov/36582071/
36565448,2023,Journal of periodontology,Expression of trefoil factor 2 and 3 and adrenomedullin in chronic periodontitis subjects with coronary heart disease.,10.1002/JPER.22-0467,Original Article,微生物與宿主生物標記,Journal Article,https://pubmed.ncbi.nlm.nih.gov/36565448/
36527199,2023,Journal of periodontology,Wound healing after ridge preservation: A randomized controlled trial on short-term (4 months) versus long-term (12 months) histologic outcomes.,10.1002/JPER.22-0187,Original Article,再生與黏膜牙齦手術,"Randomized Controlled Trial; Journal Article; Research Support, Non-U.S. Gov't",https://pubmed.ncbi.nlm.nih.gov/36527199/
36504403,2023,Journal of periodontology,Identification of thin and thick gingival phenotypes by two transparency methods: A diagnostic accuracy study.,10.1002/JPER.22-0488,Original Article,其他牙周臨床/基礎研究,Journal Article,https://pubmed.ncbi.nlm.nih.gov/36504403/
36464773,2023,Journal of periodontology,Diagnostic reproducibility of the 2018 Classification of Gingival Recession Defects and Gingival Phenotype: A multicenter inter- and intra-examiner agreement study.,10.1002/JPER.22-0501,Original Article,分類與治療指引; 再生與黏膜牙齦手術; 診斷影像與數位工具,Multicenter Study; Journal Article,https://pubmed.ncbi.nlm.nih.gov/36464773/
36440958,2023,Journal of periodontology,"Serum, saliva, and gingival tissue human β-defensin levels in relation to retinoic acid use.",10.1002/JPER.22-0466,Original Article,非手術治療與抗菌輔助; 全身疾病與危險因子; 微生物與宿主生物標記,Journal Article,https://pubmed.ncbi.nlm.nih.gov/36440958/
36416879,2023,Journal of periodontology,Resolvin D1 modulates periodontal ligament fibroblast function.,10.1002/JPER.22-0462,Original Article,再生與黏膜牙齦手術; 微生物與宿主生物標記,"Journal Article; Research Support, N.I.H., Extramural",https://pubmed.ncbi.nlm.nih.gov/36416879/
36416786,2023,Journal of periodontology,Minimally invasive gingival phenotype modification in gingival recession associated with a non-carious cervical lesion using the root plastique technique: A quasi-experimental one-group pretest-posttest study.,10.1002/JPER.22-0414,Original Article,再生與黏膜牙齦手術,Case Reports; Journal Article,https://pubmed.ncbi.nlm.nih.gov/36416786/
36413341,2023,Journal of periodontology,Radiographic and clinical signs of periodontitis and associated bacterial species in a Swedish adolescent population.,10.1002/JPER.22-0453,Original Article,非手術治療與抗菌輔助; 微生物與宿主生物標記; 診斷影像與數位工具,"Journal Article; Research Support, Non-U.S. Gov't",https://pubmed.ncbi.nlm.nih.gov/36413341/
37035982,2023,Journal of periodontology,"Essential domains, core outcome sets, and measurements to capture benefits and harms of implant dentistry interventions: The ID-COSM initiative.",10.1002/JPER.23-0203,Original Article,分類與治療指引,Journal Article,https://pubmed.ncbi.nlm.nih.gov/37035982/
36369979,2023,Journal of periodontology,Spent culture supernatant of Streptococcus gordonii mitigates inflammation of human periodontal cells and inhibits proliferation of pathogenic oral microbes.,10.1002/JPER.22-0333,Original Article,微生物與宿主生物標記,"Journal Article; Research Support, N.I.H., Extramural",https://pubmed.ncbi.nlm.nih.gov/36369979/
36369975,2023,Journal of periodontology,Cyanoacrylate and hyaluronic acid combination on palatal donor site management after de-epithelialized graft harvesting.,10.1002/JPER.22-0409,Original Article,再生與黏膜牙齦手術,Journal Article,https://pubmed.ncbi.nlm.nih.gov/36369975/
36334021,2023,Journal of periodontology,Glucose and lipid metabolism indexes and blood inflammatory biomarkers of patients with severe periodontitis: A cross-sectional study.,10.1002/JPER.22-0282,Original Article,分類與治療指引; 全身疾病與危險因子; 微生物與宿主生物標記,"Journal Article; Research Support, Non-U.S. Gov't",https://pubmed.ncbi.nlm.nih.gov/36334021/
36193723,2023,Journal of periodontology,Profiling of bile acids and activated receptor S1PR2 in gingival tissues of periodontitis patients.,10.1002/JPER.22-0398,Original Article,其他牙周臨床/基礎研究,"Journal Article; Research Support, Non-U.S. Gov't",https://pubmed.ncbi.nlm.nih.gov/36193723/
36117424,2023,Journal of periodontology,"Periodontal risk score: Initiation and model validation for 6,762 teeth.",10.1002/JPER.22-0273,Original Article,非手術治療與抗菌輔助; SPT/SPC 與風險評估; 全身疾病與危險因子,Journal Article,https://pubmed.ncbi.nlm.nih.gov/36117424/
36085550,2023,Journal of periodontology,Association between subclinical atherosclerosis and oral inflammation: A cross-sectional study.,10.1002/JPER.22-0026,Original Article,植體周圍疾病; 全身疾病與危險因子; 診斷影像與數位工具,"Journal Article; Research Support, Non-U.S. Gov't",https://pubmed.ncbi.nlm.nih.gov/36085550/
36031720,2023,Journal of periodontology,D-mannose alleviated alveolar bone loss in mice with experimental periodontitis via regulating the anti-inflammatory effect of amino acids.,10.1002/JPER.22-0294,Original Article,非手術治療與抗菌輔助; 微生物與宿主生物標記,"Journal Article; Research Support, Non-U.S. Gov't",https://pubmed.ncbi.nlm.nih.gov/36031720/
36017934,2023,Journal of periodontology,Local simvastatin and inflammation during periodontal mini-flap wound healing: Exploratory results.,10.1002/JPER.22-0297,Original Article,非手術治療與抗菌輔助; SPT/SPC 與風險評估,"Randomized Controlled Trial; Journal Article; Research Support, Non-U.S. Gov't",https://pubmed.ncbi.nlm.nih.gov/36017934/
35994367,2023,Journal of periodontology,Effect of maternal true combined endodontic-periodontal lesion on insulin and inflammatory pathway in adult offspring.,10.1002/JPER.22-0139,Original Article,全身疾病與危險因子,"Journal Article; Research Support, Non-U.S. Gov't",https://pubmed.ncbi.nlm.nih.gov/35994367/
35989670,2023,Journal of periodontology,Assessing the effect of antihypertensives on plaque microbiota in patients with periodontitis and hypertension using 16S rRNA sequencing: A cross-sectional study.,10.1002/JPER.22-0204,Original Article,非手術治療與抗菌輔助; SPT/SPC 與風險評估; 微生物與宿主生物標記,"Journal Article; Research Support, Non-U.S. Gov't",https://pubmed.ncbi.nlm.nih.gov/35989670/
35980316,2023,Journal of periodontology,"Better living through chemistry? A randomized, double-blind controlled study evaluating the efficacy of plaque control and gingival health impacts of a novel stannous fluoride-containing gel.",10.1002/JPER.22-0254,Original Article,其他牙周臨床/基礎研究,"Randomized Controlled Trial; Journal Article; Research Support, Non-U.S. Gov't; Research Support, N.I.H., Extramural; Research Support, U.S. Gov't, Non-P.H.S.",https://pubmed.ncbi.nlm.nih.gov/35980316/
35869939,2023,Journal of periodontology,Microbiological effects of amoxicillin plus metronidazole in the treatment of young patients with Stages III and IV periodontitis: A secondary analysis from a 1-year double-blinded placebo-controlled randomized clinical trial.,10.1002/JPER.21-0171,Original Article,分類與治療指引; 非手術治療與抗菌輔助,"Randomized Controlled Trial; Journal Article; Research Support, Non-U.S. Gov't",https://pubmed.ncbi.nlm.nih.gov/35869939/
36403193,2023,Journal of periodontology,Using the BigMouth repository for periodontal medicine: Breaking the chains?,10.1002/JPER.22-0475,Original Article,植體周圍疾病; 全身疾病與危險因子; 診斷影像與數位工具,Journal Article,https://pubmed.ncbi.nlm.nih.gov/36403193/
36399349,2023,Journal of periodontology,Significance of barrier membrane on the reconstructive therapy of peri-implantitis: A randomized controlled trial.,10.1002/JPER.22-0511,Original Article,植體周圍疾病; 再生與黏膜牙齦手術; 診斷影像與數位工具,"Randomized Controlled Trial; Journal Article; Research Support, Non-U.S. Gov't",https://pubmed.ncbi.nlm.nih.gov/36399349/
36322996,2023,Journal of periodontology,"Probiotic Lactobacillus rhamnosus EM1107 prevents hyperglycemia, alveolar bone loss, and inflammation in a rat model of diabetes and periodontitis.",10.1002/JPER.22-0262,Original Article,全身疾病與危險因子,Journal Article,https://pubmed.ncbi.nlm.nih.gov/36322996/
36321899,2023,Journal of periodontology,Racial and ethnic disparities in periodontal health among adults seeking dental care in rural North Carolina communities: A retrospective study.,10.1002/JPER.22-0137,Original Article,全身疾病與危險因子,"Journal Article; Research Support, U.S. Gov't, Non-P.H.S.",https://pubmed.ncbi.nlm.nih.gov/36321899/
36321648,2023,Journal of periodontology,"Biofilm formation, its removal, and consequent effect on the osteoblast response to titanium surfaces: A model for re-osseointegration.",10.1002/JPER.22-0142,Original Article,非手術治療與抗菌輔助,"Journal Article; Research Support, Non-U.S. Gov't",https://pubmed.ncbi.nlm.nih.gov/36321648/
36245273,2023,Journal of periodontology,Impact of Bifidobacterium animalis subsp. lactis HN019 probiotic in the prevention of periodontitis associated with immunosuppression.,10.1002/JPER.22-0146,Original Article,再生與黏膜牙齦手術,"Journal Article; Research Support, Non-U.S. Gov't",https://pubmed.ncbi.nlm.nih.gov/36245273/
36219470,2023,Journal of periodontology,Immune response characterization of primary gingival fibroblasts from Grade C periodontitis patients.,10.1002/JPER.22-0356,Original Article,分類與治療指引; 再生與黏膜牙齦手術; 微生物與宿主生物標記,"Journal Article; Research Support, Non-U.S. Gov't",https://pubmed.ncbi.nlm.nih.gov/36219470/
36218191,2023,Journal of periodontology,Characteristics of mesenchymal stem cells from supracrestal gingival connective tissue.,10.1002/JPER.22-0306,Original Article,再生與黏膜牙齦手術,"Journal Article; Research Support, Non-U.S. Gov't",https://pubmed.ncbi.nlm.nih.gov/36218191/
36189651,2023,Journal of periodontology,"Clinical effects of the adjunctive use of polynucleotide and hyaluronic acid-based gel in the subgingival re-instrumentation of residual periodontal pockets: A randomized, split-mouth clinical trial.",10.1002/JPER.22-0225,Original Article,再生與黏膜牙齦手術; 非手術治療與抗菌輔助,"Randomized Controlled Trial; Journal Article; Research Support, Non-U.S. Gov't",https://pubmed.ncbi.nlm.nih.gov/36189651/
36170000,2023,Journal of periodontology,The effect of Er:YAG laser treatment on biofilm formation on titanium and zirconia disc surfaces.,10.1002/JPER.22-0243,Original Article,分類與治療指引,Journal Article,https://pubmed.ncbi.nlm.nih.gov/36170000/
36111636,2023,Journal of periodontology,Periodontitis prevalence and severity in inflammatory bowel disease: A case-control study.,10.1002/JPER.22-0322,Original Article,全身疾病與危險因子; 診斷影像與數位工具,"Journal Article; Research Support, Non-U.S. Gov't",https://pubmed.ncbi.nlm.nih.gov/36111636/
36088655,2023,Journal of periodontology,Fusobacterium nucleatum aggravates ulcerative colitis through promoting gut microbiota dysbiosis and dysmetabolism.,10.1002/JPER.22-0205,Original Article,微生物與宿主生物標記,"Journal Article; Research Support, Non-U.S. Gov't",https://pubmed.ncbi.nlm.nih.gov/36088655/
36069212,2023,Journal of periodontology,Effect of non-surgical therapy on plasma C-reactive protein levels in patients with periodontitis: A single arm prospective clinical trial.,10.1002/JPER.22-0231,Original Article,非手術治療與抗菌輔助,Clinical Trial; Journal Article,https://pubmed.ncbi.nlm.nih.gov/36069212/
37163583,2023,Journal of periodontology,The causal effect of life course adiposity on periodontitis: A Mendelian randomization study.,10.1002/JPER.21-0632,Original Article,全身疾病與危險因子,"Journal Article; Research Support, Non-U.S. Gov't",https://pubmed.ncbi.nlm.nih.gov/37163583/
36811362,2023,Journal of periodontology,Erratum.,10.1002/jper.10999,Other,其他牙周臨床/基礎研究,Published Erratum,https://pubmed.ncbi.nlm.nih.gov/36811362/
35960608,2023,Journal of periodontology,Serum antibodies to periodontal pathogens are related to allergic symptoms.,10.1002/JPER.22-0346,Original Article,其他牙周臨床/基礎研究,"Journal Article; Research Support, Non-U.S. Gov't",https://pubmed.ncbi.nlm.nih.gov/35960608/
35959712,2023,Journal of periodontology,The effect of bone particle size on the histomorphometric and clinical outcomes following lateral ridge augmentation procedures: A randomized double-blinded controlled trial.,10.1002/JPER.22-0212,Original Article,再生與黏膜牙齦手術; 診斷影像與數位工具,"Randomized Controlled Trial; Journal Article; Research Support, Non-U.S. Gov't",https://pubmed.ncbi.nlm.nih.gov/35959712/
35942553,2023,Journal of periodontology,"Epidemiological and sociodemographic transitions of severe periodontitis incidence, prevalence, and disability-adjusted life years for 21 world regions and globally from 1990 to 2019: An age-period-cohort analysis.",10.1002/JPER.22-0241,Original Article,全身疾病與危險因子,"Journal Article; Research Support, Non-U.S. Gov't",https://pubmed.ncbi.nlm.nih.gov/35942553/
35933589,2023,Journal of periodontology,High prevalence of periodontitis in children and adolescents with type 2 diabetes.,10.1002/JPER.21-0226,Original Article,全身疾病與危險因子; 診斷影像與數位工具,"Journal Article; Research Support, Non-U.S. Gov't",https://pubmed.ncbi.nlm.nih.gov/35933589/
35924603,2023,Journal of periodontology,"Flap versus flapless alveolar ridge preservation: A clinical and histological single-blinded, randomized controlled trial.",10.1002/JPER.22-0213,Original Article,再生與黏膜牙齦手術,Randomized Controlled Trial; Journal Article,https://pubmed.ncbi.nlm.nih.gov/35924603/
35912965,2023,Journal of periodontology,Hertwig's epithelial root sheath cells show potential for periodontal complex regeneration.,10.1002/JPER.22-0072,Original Article,再生與黏膜牙齦手術,"Journal Article; Research Support, Non-U.S. Gov't",https://pubmed.ncbi.nlm.nih.gov/35912965/
35912930,2023,Journal of periodontology,M2 macrophages with inflammation tropism facilitate cementoblast mineralization.,10.1002/JPER.22-0048,Original Article,再生與黏膜牙齦手術,"Journal Article; Research Support, Non-U.S. Gov't",https://pubmed.ncbi.nlm.nih.gov/35912930/
35904229,2023,Journal of periodontology,Soft tissue augmentation with a volume-stable collagen matrix or an autogenous connective tissue graft at implant sites: Five-year results of a randomized controlled trial post implant loading.,10.1002/JPER.22-0226,Original Article,植體周圍疾病; 再生與黏膜牙齦手術; 診斷影像與數位工具,"Randomized Controlled Trial; Journal Article; Research Support, Non-U.S. Gov't",https://pubmed.ncbi.nlm.nih.gov/35904229/
35892139,2023,Journal of periodontology,Abaloparatide outperforms teriparatide in protecting against alveolar bone loss in experimental periodontitis.,10.1002/JPER.22-0211,Original Article,其他牙周臨床/基礎研究,"Journal Article; Research Support, Non-U.S. Gov't",https://pubmed.ncbi.nlm.nih.gov/35892139/
35869905,2023,Journal of periodontology,Type 1 diabetes mellitus leads to gingivitis and an early compensatory increase in bone remodeling.,10.1002/JPER.22-0192,Original Article,分類與治療指引; 再生與黏膜牙齦手術; 全身疾病與危險因子,"Journal Article; Research Support, N.I.H., Extramural; Research Support, Non-U.S. Gov't",https://pubmed.ncbi.nlm.nih.gov/35869905/
35690993,2023,Journal of periodontology,Probiotic consumption can modify the resilience of periodontal tissues in rats under experimental periodontitis.,10.1002/JPER.21-0555,Original Article,全身疾病與危險因子; 微生物與宿主生物標記,"Journal Article; Research Support, Non-U.S. Gov't",https://pubmed.ncbi.nlm.nih.gov/35690993/
35904985,2023,Journal of periodontology,Effect of supragingival plaque control on recurrent periodontitis and clinical stability among individuals under periodontal maintenance therapy: 10-year follow-up.,10.1002/JPER.22-0301,Original Article,SPT/SPC 與風險評估,Journal Article,https://pubmed.ncbi.nlm.nih.gov/35904985/
35856336,2023,Journal of periodontology,"Association between periodontal disease, tooth extraction, and medication-related osteonecrosis of the jaw in women receiving bisphosphonates: A national cohort-based study.",10.1002/JPER.21-0611,Original Article,全身疾病與危險因子,"Journal Article; Research Support, Non-U.S. Gov't",https://pubmed.ncbi.nlm.nih.gov/35856336/
35819128,2023,Journal of periodontology,"Baseline interleukin-10, CD163, and tumor necrosis factor-like weak inducer of apoptosis (TWEAK) gingival tissue levels in relation to clinical periodontal treatment outcomes: A 12-week follow-up study.",10.1002/JPER.22-0242,Original Article,分類與治療指引; 非手術治療與抗菌輔助,"Journal Article; Research Support, Non-U.S. Gov't",https://pubmed.ncbi.nlm.nih.gov/35819128/
35781714,2023,Journal of periodontology,Retrospective exploratory study of smoking status and e-cigarette use with response to non-surgical periodontal therapy.,10.1002/JPER.21-0702,Original Article,非手術治療與抗菌輔助; 全身疾病與危險因子,Journal Article,https://pubmed.ncbi.nlm.nih.gov/35781714/
35771077,2023,Journal of periodontology,Antibody response to BNT162b2 mRNA vaccine in gingival crevicular fluid.,10.1002/JPER.22-0152,Original Article,微生物與宿主生物標記,"Journal Article; Research Support, Non-U.S. Gov't",https://pubmed.ncbi.nlm.nih.gov/35771077/
35754198,2023,Journal of periodontology,Patient-reported outcomes of palatal donor site healing using four different wound dressing modalities following free epithelialized mucosal grafts: A four-arm randomized controlled clinical trial.,10.1002/JPER.22-0172,Original Article,再生與黏膜牙齦手術,Randomized Controlled Trial; Journal Article,https://pubmed.ncbi.nlm.nih.gov/35754198/
35716397,2023,Journal of periodontology,"Proportional relationship between periodontal inflamed surface area, clinical attachment loss, and glycated hemoglobin level in patients with type 2 diabetes mellitus on insulin therapy and on oral antidiabetic therapy.",10.1002/JPER.22-0085,Original Article,全身疾病與危險因子,"Journal Article; Research Support, Non-U.S. Gov't",https://pubmed.ncbi.nlm.nih.gov/35716397/
35712915,2023,Journal of periodontology,"Regulation of gingival keratinocyte monocyte chemoattractant protein-1-induced protein (MCPIP)-1 and mucosa-associated lymphoid tissue lymphoma translocation protein (MALT)-1 expressions by periodontal bacteria, lipopolysaccharide, and interleukin-1β.",10.1002/JPER.22-0093,Original Article,分類與治療指引; 微生物與宿主生物標記,"Journal Article; Research Support, Non-U.S. Gov't",https://pubmed.ncbi.nlm.nih.gov/35712915/
35708712,2023,Journal of periodontology,Impact of scaling and root planing on salivary and serum plasminogen activator inhibitor-1 expression in patients with periodontitis with and without type 2 diabetes mellitus.,10.1002/JPER.22-0129,Original Article,分類與治療指引; 非手術治療與抗菌輔助; 全身疾病與危險因子; 微生物與宿主生物標記,Journal Article,https://pubmed.ncbi.nlm.nih.gov/35708712/
35678251,2023,Journal of periodontology,Ion release and local effects of titanium metal particles from dental implants: An experimental study in rats.,10.1002/JPER.22-0091,Original Article,其他牙周臨床/基礎研究,"Journal Article; Research Support, Non-U.S. Gov't",https://pubmed.ncbi.nlm.nih.gov/35678251/
35665930,2023,Journal of periodontology,Association between periodontitis and peripheral markers of innate immunity activation and inflammation.,10.1002/JPER.22-0216,Original Article,全身疾病與危險因子,"Journal Article; Research Support, Non-U.S. Gov't",https://pubmed.ncbi.nlm.nih.gov/35665930/
35665929,2023,Journal of periodontology,New evidence of genetic heterogeneity causing hereditary gingival fibromatosis and ALK and CD36 as new candidate genes.,10.1002/JPER.22-0219,Original Article,其他牙周臨床/基礎研究,Journal Article,https://pubmed.ncbi.nlm.nih.gov/35665929/
35661355,2023,Journal of periodontology,Depth of mucosal tunnel in peri-implant health during 12-month follow-up in patients with controlled periodontitis.,10.1002/JPER.21-0680,Original Article,分類與治療指引; 植體周圍疾病; 再生與黏膜牙齦手術,Journal Article,https://pubmed.ncbi.nlm.nih.gov/35661355/
